Maryland Lottery - Pick 3 Winning Numbers,,,,
Draw Date,,,,
06-09-2026,Midday,9,6,4
05-09-2026,Evening,1,7,6
05-09-2026,Midday,0,6,9
04-09-2026,Evening,7,3,7
04-09-2026,Midday,5,3,8
03-09-2026,Evening,6,9,8
03-09-2026,Midday,5,8,0
02-09-2026,Evening,8,6,5
02-09-2026,Midday,2,5,1
01-09-2026,Evening,2,5,7
01-09-2026,Midday,6,9,4
31-08-2026,Evening,1,2,8
31-08-2026,Midday,9,6,3
30-08-2026,Evening,1,2,8
30-08-2026,Midday,6,9,4
29-08-2026,Evening,9,9,9
29-08-2026,Midday,2,5,1
28-08-2026,Evening,7,3,3
28-08-2026,Midday,9,0,5
27-08-2026,Evening,8,2,3
27-08-2026,Midday,6,8,4
26-08-2026,Evening,0,9,4
26-08-2026,Midday,1,3,5
25-08-2026,Evening,3,8,2
25-08-2026,Midday,0,7,8
24-08-2026,Evening,5,3,3
24-08-2026,Midday,0,4,9
23-08-2026,Evening,3,6,9
23-08-2026,Midday,6,9,4
22-08-2026,Evening,8,1,2
22-08-2026,Midday,6,0,2
21-08-2026,Evening,8,3,1
21-08-2026,Midday,0,7,6
20-08-2026,Evening,1,8,3
20-08-2026,Midday,1,8,9
19-08-2026,Evening,4,7,2
19-08-2026,Midday,5,8,7
18-08-2026,Evening,3,6,1
18-08-2026,Midday,4,8,2
17-08-2026,Evening,5,2,5
17-08-2026,Midday,4,6,2
16-08-2026,Evening,7,8,2
16-08-2026,Midday,5,6,0
15-08-2026,Evening,4,9,0
15-08-2026,Midday,7,0,3
14-08-2026,Evening,1,7,0
14-08-2026,Midday,5,6,0
13-08-2026,Evening,8,1,9
13-08-2026,Midday,7,4,2
12-08-2026,Evening,1,7,5
12-08-2026,Midday,7,9,1
11-08-2026,Evening,3,9,3
11-08-2026,Midday,8,8,7
10-08-2026,Evening,8,2,5
10-08-2026,Midday,0,6,8
09-08-2026,Evening,9,5,5
09-08-2026,Midday,5,4,3
08-08-2026,Evening,2,2,8
08-08-2026,Midday,4,6,2
07-08-2026,Evening,0,4,9
07-08-2026,Midday,4,3,9
06-08-2026,Evening,6,3,3
06-08-2026,Midday,0,6,3
05-08-2026,Evening,1,0,8
05-08-2026,Midday,7,3,0
04-08-2026,Evening,9,1,7
04-08-2026,Midday,8,2,6
03-08-2026,Evening,3,6,7
03-08-2026,Midday,7,9,6
02-08-2026,Evening,0,0,5
02-08-2026,Midday,1,2,4
01-08-2026,Evening,3,9,8
01-08-2026,Midday,9,4,6
31-07-2026,Evening,4,2,6
31-07-2026,Midday,5,4,8
30-07-2026,Evening,1,2,7
30-07-2026,Midday,9,9,5
29-07-2026,Evening,0,1,4
29-07-2026,Midday,2,9,8
28-07-2026,Evening,2,4,1
28-07-2026,Midday,7,4,8
27-07-2026,Evening,9,1,1
27-07-2026,Midday,8,8,5
26-07-2026,Evening,0,3,3
26-07-2026,Midday,0,3,3
25-07-2026,Evening,6,7,9
25-07-2026,Midday,6,1,8
24-07-2026,Evening,9,9,6
24-07-2026,Midday,1,1,2
23-07-2026,Evening,2,0,2
23-07-2026,Midday,6,0,9
22-07-2026,Evening,4,7,6
22-07-2026,Midday,2,4,6
21-07-2026,Evening,1,3,8
21-07-2026,Midday,8,6,3
20-07-2026,Evening,8,1,0
20-07-2026,Midday,0,5,9
19-07-2026,Evening,1,8,4
19-07-2026,Midday,2,8,8
18-07-2026,Evening,6,0,5
18-07-2026,Midday,3,3,3
17-07-2026,Evening,5,4,9
17-07-2026,Midday,5,0,1
16-07-2026,Evening,2,9,6
16-07-2026,Midday,8,8,0
15-07-2026,Evening,5,9,7
15-07-2026,Midday,0,9,3
14-07-2026,Evening,5,9,0
14-07-2026,Midday,5,7,9
13-07-2026,Evening,3,0,5
13-07-2026,Midday,8,6,1
12-07-2026,Evening,3,1,4
12-07-2026,Midday,5,1,7
11-07-2026,Evening,0,1,1
11-07-2026,Midday,3,7,4
10-07-2026,Evening,5,3,9
10-07-2026,Midday,3,8,2
09-07-2026,Evening,4,0,2
09-07-2026,Midday,4,9,7
08-07-2026,Evening,9,0,5
08-07-2026,Midday,6,8,9
07-07-2026,Evening,9,5,5
07-07-2026,Midday,2,0,9
06-07-2026,Evening,3,4,4
06-07-2026,Midday,6,9,7
05-07-2026,Evening,2,1,9
05-07-2026,Midday,8,8,5
04-07-2026,Evening,7,6,1
04-07-2026,Midday,9,0,1
03-07-2026,Evening,6,1,2
03-07-2026,Midday,3,9,2
02-07-2026,Evening,7,2,5
02-07-2026,Midday,5,7,6
01-07-2026,Evening,9,7,0
01-07-2026,Midday,5,1,2
30-06-2026,Evening,5,1,1
30-06-2026,Midday,8,2,5
29-06-2026,Evening,8,6,1
29-06-2026,Midday,4,6,3
28-06-2026,Evening,3,3,2
28-06-2026,Midday,8,3,7
27-06-2026,Evening,0,5,9
27-06-2026,Midday,4,8,9
26-06-2026,Evening,0,3,3
26-06-2026,Midday,0,2,5
25-06-2026,Evening,1,1,6
25-06-2026,Midday,2,8,0
24-06-2026,Evening,9,1,7
24-06-2026,Midday,1,0,1
23-06-2026,Evening,2,0,9
23-06-2026,Midday,3,4,0
22-06-2026,Evening,3,8,5
22-06-2026,Midday,2,9,0
21-06-2026,Evening,2,8,2
21-06-2026,Midday,3,0,9
20-06-2026,Evening,2,9,5
20-06-2026,Midday,8,7,2
19-06-2026,Evening,7,1,0
19-06-2026,Midday,5,0,7
18-06-2026,Evening,5,3,8
18-06-2026,Midday,2,7,9
17-06-2026,Evening,3,2,4
17-06-2026,Midday,9,5,4
16-06-2026,Evening,9,9,3
16-06-2026,Midday,4,8,0
15-06-2026,Evening,5,0,4
15-06-2026,Midday,3,1,4
14-06-2026,Evening,5,2,5
14-06-2026,Midday,0,5,2
13-06-2026,Evening,8,9,1
13-06-2026,Midday,3,3,6
12-06-2026,Evening,1,6,4
12-06-2026,Midday,5,9,8
11-06-2026,Evening,1,0,0
11-06-2026,Midday,9,1,8
10-06-2026,Evening,8,8,3
10-06-2026,Midday,7,9,7
09-06-2026,Evening,0,3,7
09-06-2026,Midday,3,5,7
08-06-2026,Evening,4,4,0
08-06-2026,Midday,5,4,1
07-06-2026,Evening,7,8,5
07-06-2026,Midday,8,3,1
06-06-2026,Evening,2,9,0
06-06-2026,Midday,4,2,4
05-06-2026,Evening,5,5,9
05-06-2026,Midday,3,6,1
04-06-2026,Evening,0,1,7
04-06-2026,Midday,3,9,8
03-06-2026,Evening,7,0,4
03-06-2026,Midday,0,4,3
02-06-2026,Evening,4,2,4
02-06-2026,Midday,8,0,6
01-06-2026,Evening,5,7,6
01-06-2026,Midday,8,7,4
31-05-2026,Evening,2,2,8
31-05-2026,Midday,4,1,5
30-05-2026,Evening,6,8,3
30-05-2026,Midday,2,9,0
29-05-2026,Evening,5,1,5
29-05-2026,Midday,9,3,1
28-05-2026,Evening,5,9,9
28-05-2026,Midday,9,6,6
27-05-2026,Evening,1,4,9
27-05-2026,Midday,4,3,6
26-05-2026,Evening,3,2,7
26-05-2026,Midday,6,9,8
25-05-2026,Evening,2,6,1
25-05-2026,Midday,6,2,3
24-05-2026,Evening,3,3,1
24-05-2026,Midday,2,6,1
23-05-2026,Evening,1,5,7
23-05-2026,Midday,0,2,2
22-05-2026,Evening,6,8,0
22-05-2026,Midday,6,0,7
21-05-2026,Evening,4,2,5
21-05-2026,Midday,6,9,4
20-05-2026,Evening,8,1,8
20-05-2026,Midday,0,1,2
19-05-2026,Evening,5,3,6
19-05-2026,Midday,2,8,3
18-05-2026,Evening,8,7,5
18-05-2026,Midday,6,8,2
17-05-2026,Evening,9,4,4
17-05-2026,Midday,6,2,6
16-05-2026,Evening,0,8,9
16-05-2026,Midday,3,8,9
15-05-2026,Evening,9,6,3
15-05-2026,Midday,8,3,2
14-05-2026,Evening,5,7,1
14-05-2026,Midday,9,6,9
13-05-2026,Evening,0,7,2
13-05-2026,Midday,0,7,1
12-05-2026,Evening,7,7,1
12-05-2026,Midday,3,1,6
11-05-2026,Evening,1,7,1
11-05-2026,Midday,9,6,5
10-05-2026,Evening,6,8,9
10-05-2026,Midday,6,2,4
09-05-2026,Evening,3,9,2
09-05-2026,Midday,7,7,8
08-05-2026,Evening,3,8,8
08-05-2026,Midday,0,1,7
07-05-2026,Evening,7,7,3
07-05-2026,Midday,3,3,6
06-05-2026,Evening,9,8,6
06-05-2026,Midday,0,9,2
05-05-2026,Evening,8,0,5
05-05-2026,Midday,6,6,7
04-05-2026,Evening,8,2,3
04-05-2026,Midday,7,5,5
03-05-2026,Evening,0,6,7
03-05-2026,Midday,9,3,5
02-05-2026,Evening,8,4,9
02-05-2026,Midday,2,4,6
01-05-2026,Evening,0,3,9
01-05-2026,Midday,7,0,5
30-04-2026,Evening,6,0,7
30-04-2026,Midday,5,4,0
29-04-2026,Evening,1,6,1
29-04-2026,Midday,8,7,6
28-04-2026,Evening,3,7,0
28-04-2026,Midday,1,8,1
27-04-2026,Evening,2,4,3
27-04-2026,Midday,8,0,7
26-04-2026,Evening,4,8,0
26-04-2026,Midday,8,5,2
25-04-2026,Evening,8,2,5
25-04-2026,Midday,4,5,4
24-04-2026,Evening,6,9,6
24-04-2026,Midday,7,6,7
23-04-2026,Evening,3,3,6
23-04-2026,Midday,1,0,8
22-04-2026,Evening,1,6,1
22-04-2026,Midday,6,5,7
21-04-2026,Evening,3,0,0
21-04-2026,Midday,1,8,0
20-04-2026,Evening,2,5,5
20-04-2026,Midday,9,0,3
19-04-2026,Evening,9,9,0
19-04-2026,Midday,9,7,6
18-04-2026,Evening,9,3,4
18-04-2026,Midday,9,4,0
17-04-2026,Evening,5,7,9
17-04-2026,Midday,2,2,6
16-04-2026,Evening,2,1,0
16-04-2026,Midday,1,8,3
15-04-2026,Evening,2,8,4
15-04-2026,Midday,8,3,7
14-04-2026,Evening,7,6,0
14-04-2026,Midday,3,8,2
13-04-2026,Evening,9,4,9
13-04-2026,Midday,2,2,8
12-04-2026,Evening,7,3,5
12-04-2026,Midday,8,4,4
11-04-2026,Evening,5,3,1
11-04-2026,Midday,4,6,0
10-04-2026,Evening,0,5,3
10-04-2026,Midday,4,7,5
09-04-2026,Evening,1,1,0
09-04-2026,Midday,6,0,3
08-04-2026,Evening,0,4,2
08-04-2026,Midday,6,9,3
07-04-2026,Evening,6,4,3
07-04-2026,Midday,5,5,9
06-04-2026,Evening,2,5,9
06-04-2026,Midday,5,8,7
05-04-2026,Evening,6,4,6
05-04-2026,Midday,5,7,9
04-04-2026,Evening,8,5,7
04-04-2026,Midday,1,6,7
03-04-2026,Evening,1,9,3
03-04-2026,Midday,7,5,2
02-04-2026,Evening,3,7,1
02-04-2026,Midday,4,0,4
01-04-2026,Evening,0,3,4
01-04-2026,Midday,5,9,8
31-03-2026,Evening,2,5,8
31-03-2026,Midday,6,5,8
30-03-2026,Evening,5,8,0
30-03-2026,Midday,1,5,5
29-03-2026,Evening,0,6,1
29-03-2026,Midday,6,9,3
28-03-2026,Evening,6,7,2
28-03-2026,Midday,4,8,2
27-03-2026,Evening,6,3,9
27-03-2026,Midday,3,6,2
26-03-2026,Evening,4,2,7
26-03-2026,Midday,2,8,0
25-03-2026,Evening,5,3,8
25-03-2026,Midday,4,7,8
24-03-2026,Evening,5,1,9
24-03-2026,Midday,3,6,6
23-03-2026,Evening,9,8,5
23-03-2026,Midday,4,2,2
22-03-2026,Evening,9,7,3
22-03-2026,Midday,2,4,9
21-03-2026,Evening,9,5,5
21-03-2026,Midday,0,9,6
20-03-2026,Evening,6,0,4
20-03-2026,Midday,3,1,4
19-03-2026,Evening,0,8,6
19-03-2026,Midday,3,0,4
18-03-2026,Evening,9,0,1
18-03-2026,Midday,2,4,7
17-03-2026,Evening,6,0,5
17-03-2026,Midday,5,5,2
16-03-2026,Evening,6,7,3
16-03-2026,Midday,8,1,5
15-03-2026,Evening,9,1,1
15-03-2026,Midday,7,0,0
14-03-2026,Evening,3,8,6
14-03-2026,Midday,8,0,8
13-03-2026,Evening,7,6,4
13-03-2026,Midday,8,2,6
12-03-2026,Evening,5,0,4
12-03-2026,Midday,7,9,1
11-03-2026,Evening,2,3,7
11-03-2026,Midday,4,4,5
10-03-2026,Evening,8,5,0
10-03-2026,Midday,5,8,8
09-03-2026,Evening,9,7,5
09-03-2026,Midday,6,6,4
08-03-2026,Evening,5,6,8
08-03-2026,Midday,7,6,2
07-03-2026,Evening,7,1,6
07-03-2026,Midday,4,0,5
06-03-2026,Evening,1,2,5
06-03-2026,Midday,6,5,1
05-03-2026,Evening,7,9,9
05-03-2026,Midday,8,8,4
04-03-2026,Evening,7,1,8
04-03-2026,Midday,4,0,2
03-03-2026,Evening,4,5,7
03-03-2026,Midday,0,7,1
02-03-2026,Evening,5,6,0
02-03-2026,Midday,3,3,1
01-03-2026,Evening,3,2,4
01-03-2026,Midday,1,6,3
28-02-2026,Evening,7,4,7
28-02-2026,Midday,9,3,9
27-02-2026,Evening,4,2,6
27-02-2026,Midday,8,3,9
26-02-2026,Evening,4,5,4
26-02-2026,Midday,6,8,3
25-02-2026,Evening,1,3,0
25-02-2026,Midday,8,1,3
24-02-2026,Evening,4,6,0
24-02-2026,Midday,1,5,7
23-02-2026,Evening,7,1,0
23-02-2026,Midday,9,4,3
22-02-2026,Evening,1,6,2
22-02-2026,Midday,4,4,4
21-02-2026,Evening,0,8,5
21-02-2026,Midday,5,3,9
20-02-2026,Evening,4,4,8
20-02-2026,Midday,2,8,3
19-02-2026,Evening,3,6,5
19-02-2026,Midday,1,0,1
18-02-2026,Evening,2,7,1
18-02-2026,Midday,6,9,5
17-02-2026,Evening,4,4,9
17-02-2026,Midday,2,4,7
16-02-2026,Evening,2,6,4
16-02-2026,Midday,2,0,2
15-02-2026,Evening,0,9,8
15-02-2026,Midday,6,8,7
14-02-2026,Evening,8,4,4
14-02-2026,Midday,5,7,7
