Wisconsin Lottery - Mega Millions Winning Numbers - Numerical Order,,,,,,,
Draw Date,,,,,,Megaball,
26-05-2026,1,5,49,51,59,7, 
22-05-2026,3,22,34,54,61,8, 
19-05-2026,10,26,34,56,64,6, 
15-05-2026,17,23,25,52,61,3, 
12-05-2026,17,32,35,40,47,17, 
08-05-2026,37,47,49,51,58,16, 
05-05-2026,12,22,50,51,55,10, 
01-05-2026,16,21,27,41,61,24, 
28-04-2026,14,36,41,47,66,15, 
24-04-2026,7,16,32,35,40,12, 
21-04-2026,1,36,43,56,58,7, 
17-04-2026,38,43,44,49,62,8, 
14-04-2026,17,21,24,57,69,12, 
10-04-2026,3,18,36,42,49,6, 
07-04-2026,5,15,22,33,37,2, 
03-04-2026,31,45,62,63,68,15, 
31-03-2026,18,35,45,60,65,17, 
27-03-2026,13,27,28,41,62,16, 
24-03-2026,4,13,52,53,69,10, 
20-03-2026,11,20,51,55,63,4, 
17-03-2026,4,11,18,38,50,24, 
13-03-2026,6,19,36,40,55,9, 
10-03-2026,16,21,30,35,65,7, 
06-03-2026,8,19,26,38,42,24, 
03-03-2026,7,21,53,54,62,16, 
27-02-2026,11,18,39,43,67,23, 
24-02-2026,12,39,43,49,55,23, 
20-02-2026,15,40,48,58,63,2, 
17-02-2026,3,37,44,52,63,14, 
13-02-2026,34,40,49,59,68,1, 
10-02-2026,5,25,30,36,68,6, 
06-02-2026,13,21,25,52,62,19, 
03-02-2026,5,11,22,25,69,21, 
30-01-2026,11,34,36,43,63,13, 
27-01-2026,4,20,38,56,66,5, 
23-01-2026,30,42,49,53,66,4, 
20-01-2026,8,47,50,56,70,12, 
16-01-2026,2,22,33,42,67,1, 
13-01-2026,16,40,56,64,66,4, 
09-01-2026,12,30,36,42,47,16, 
06-01-2026,9,39,47,58,68,24, 
02-01-2026,6,13,34,43,52,4, 
30-12-2025,18,43,49,63,69,6, 
26-12-2025,9,19,31,63,64,7, 
23-12-2025,15,37,38,41,64,21, 
19-12-2025,1,11,27,39,59,18, 
16-12-2025,20,24,46,59,65,7, 
12-12-2025,10,50,55,58,59,5, 
09-12-2025,19,32,41,49,66,6, 
05-12-2025,34,38,42,44,69,8, 
02-12-2025,17,25,26,53,60,16, 
28-11-2025,6,7,13,39,48,4, 
25-11-2025,11,15,31,32,59,18, 
21-11-2025,3,4,19,31,63,9, 
18-11-2025,5,10,23,27,30,10, 
14-11-2025,1,8,11,12,57,7, 
11-11-2025,10,13,40,42,46,1, 
07-11-2025,16,21,23,48,70,5, 
04-11-2025,11,14,17,50,57,6, 
31-10-2025,2,24,52,66,68,9, 
28-10-2025,2,19,33,53,61,14, 
24-10-2025,11,18,31,51,56,24, 
21-10-2025,2,18,27,34,59,18, 
17-10-2025,9,21,27,48,56,10, 
14-10-2025,12,22,49,57,58,19, 
10-10-2025,3,18,23,32,56,8, 
07-10-2025,17,26,33,45,56,19, 
03-10-2025,18,19,38,54,57,19, 
30-09-2025,4,8,27,37,63,14, 
26-09-2025,4,21,27,33,49,21, 
23-09-2025,13,24,41,42,70,18, 
19-09-2025,2,22,27,42,58,8, 
16-09-2025,10,14,34,40,43,5, 
12-09-2025,17,18,21,42,64,7, 
09-09-2025,6,43,52,64,65,22, 
05-09-2025,6,14,36,58,62,24, 
02-09-2025,7,17,35,40,64,23, 
29-08-2025,13,31,32,44,45,21, 
26-08-2025,7,12,30,40,69,17, 
22-08-2025,18,30,44,48,50,12, 
19-08-2025,10,19,24,49,68,10, 
15-08-2025,4,17,27,34,69,16, 
12-08-2025,1,8,31,56,67,23, 
08-08-2025,2,6,8,14,49,12, 
05-08-2025,12,27,42,59,65,2, 
01-08-2025,18,27,29,33,70,22, 
29-07-2025,17,30,34,63,67,11, 
25-07-2025,14,21,25,49,52,7, 
22-07-2025,22,41,42,59,69,17, 
18-07-2025,11,43,54,55,63,3, 
15-07-2025,6,10,24,35,43,1, 
11-07-2025,12,23,24,31,56,1, 
08-07-2025,4,6,38,44,62,24, 
04-07-2025,17,20,24,41,42,24, 
01-07-2025,19,28,31,39,54,5, 
27-06-2025,18,21,29,42,50,2, 
24-06-2025,10,11,18,24,60,20, 
20-06-2025,26,49,58,61,63,9, 
17-06-2025,16,23,39,46,55,12, 
13-06-2025,8,10,22,40,47,1, 
10-06-2025,10,11,14,38,45,24, 
06-06-2025,16,40,54,56,57,3, 
03-06-2025,16,24,29,36,45,13, 
30-05-2025,2,28,37,38,58,13, 
27-05-2025,6,28,34,48,62,9, 
23-05-2025,7,18,40,55,68,18, 
20-05-2025,18,30,33,55,64,11, 
16-05-2025,2,22,42,62,66,14, 
13-05-2025,6,29,33,47,68,20, 
09-05-2025,9,10,12,48,60,16, 
06-05-2025,16,17,43,46,58,16, 
02-05-2025,14,37,40,41,68,2, 
29-04-2025,16,33,40,51,57,10, 
25-04-2025,38,40,60,62,70,9, 
22-04-2025,25,39,49,52,65,22, 
18-04-2025,5,13,15,17,28,1, 
15-04-2025,6,10,13,24,63,2, 
11-04-2025,15,37,38,56,58,19, 
08-04-2025,10,16,50,60,61,17, 
04-04-2025,11,28,35,37,69,25,2x
01-04-2025,11,12,21,29,49,3,2x
28-03-2025,2,9,31,60,63,23,5x
25-03-2025,1,5,17,39,62,8,2x
21-03-2025,15,22,31,52,57,2,3x
18-03-2025,27,28,31,32,33,24,3x
14-03-2025,3,17,39,42,70,1,3x
11-03-2025,1,19,26,38,69,15,3x
07-03-2025,8,20,48,58,60,7,3x
04-03-2025,14,19,47,52,70,6,2x
28-02-2025,9,19,30,35,66,16,3x
25-02-2025,4,8,11,32,52,13,2x
21-02-2025,1,13,28,37,46,10,2x
18-02-2025,1,20,25,58,61,22,2x
14-02-2025,11,19,31,49,56,16,3x
11-02-2025,7,30,39,41,70,13,3x
07-02-2025,4,24,32,41,55,16,2x
04-02-2025,14,24,31,53,54,1,3x
31-01-2025,9,28,48,56,63,2,2x
28-01-2025,10,19,31,47,56,6,5x
24-01-2025,8,12,43,52,62,18,2x
21-01-2025,27,30,56,64,65,22,4x
17-01-2025,8,10,37,54,69,22,3x
14-01-2025,4,14,35,49,62,6,3x
10-01-2025,9,23,39,65,66,22,3x
07-01-2025,20,24,33,39,48,18,2x
03-01-2025,20,42,46,59,69,19,4x
31-12-2024,13,22,27,29,35,1,2x
27-12-2024,3,7,37,49,55,6,3x
24-12-2024,11,14,38,45,46,3,3x
20-12-2024,2,20,51,56,67,19,2x
17-12-2024,56,66,67,68,69,18,4x
13-12-2024,36,43,52,58,65,16,3x
10-12-2024,12,14,26,48,52,21,5x
06-12-2024,16,21,33,39,45,24,2x
03-12-2024,52,60,61,66,67,23,4x
29-11-2024,3,29,34,37,38,17,2x
26-11-2024,5,22,24,39,42,3,3x
22-11-2024,13,20,26,32,65,2,2x
19-11-2024,5,35,50,51,59,8,4x
15-11-2024,5,17,35,55,69,19,2x
12-11-2024,18,31,33,64,68,17,3x
08-11-2024,25,28,42,64,69,19,3x
05-11-2024,2,24,25,52,58,9,2x
01-11-2024,11,22,42,46,51,4,2x
29-10-2024,16,22,26,36,56,1,4x
25-10-2024,23,26,35,41,43,7,2x
22-10-2024,8,43,48,58,60,4,3x
18-10-2024,4,9,26,39,58,23,4x
15-10-2024,22,34,44,54,62,3,3x
11-10-2024,3,10,29,52,57,20,3x
08-10-2024,3,19,20,22,66,9,3x
04-10-2024,21,39,42,43,45,3,2x
01-10-2024,27,35,47,50,66,25,2x
27-09-2024,29,46,53,69,70,23,2x
24-09-2024,1,6,10,23,27,18,5x
20-09-2024,20,21,40,49,55,11,3x
17-09-2024,14,31,48,57,64,9,3x
13-09-2024,21,55,56,57,66,1,3x
10-09-2024,1,2,16,24,66,6,4x
06-09-2024,6,23,41,59,63,25,2x
03-09-2024,12,41,43,52,55,9,4x
30-08-2024,10,17,20,24,54,8,4x
27-08-2024,16,18,21,54,65,5,2x
23-08-2024,28,30,44,66,69,2,3x
20-08-2024,5,20,26,49,51,24,4x
16-08-2024,22,38,48,51,61,5,3x
13-08-2024,34,55,59,65,70,12,4x
09-08-2024,12,32,38,40,57,21,2x
06-08-2024,23,29,36,61,70,22,4x
02-08-2024,6,7,24,44,54,13,4x
30-07-2024,19,23,30,33,50,25,2x
26-07-2024,2,14,33,58,65,3,3x
23-07-2024,3,9,14,26,51,21,4x
19-07-2024,10,17,23,50,67,3,3x
16-07-2024,5,35,42,58,66,22,2x
12-07-2024,15,35,48,53,68,8,3x
09-07-2024,21,26,54,60,64,3,3x
05-07-2024,6,15,32,54,67,4,3x
02-07-2024,4,8,19,31,45,11,4x
28-06-2024,28,31,33,42,66,24,3x
25-06-2024,3,16,27,47,62,8,4x
21-06-2024,3,18,27,40,44,19,4x
18-06-2024,21,22,50,55,67,20,2x
14-06-2024,1,25,26,31,65,2,3x
11-06-2024,1,5,7,22,24,8,4x
07-06-2024,3,5,12,22,66,7,4x
04-06-2024,19,37,40,63,69,17,3x
31-05-2024,4,11,23,33,49,23,4x
28-05-2024,12,18,48,57,62,4,5x
24-05-2024,46,54,56,67,70,16,3x
21-05-2024,2,5,8,28,69,14,2x
17-05-2024,8,17,40,60,70,3,2x
14-05-2024,13,19,43,62,64,6,3x
10-05-2024,13,22,26,32,65,18,4x
07-05-2024,26,28,36,63,66,15,3x
03-05-2024,6,13,15,53,56,11,2x
03-05-2024,6,13,15,53,56,11,2x
30-04-2024,10,18,27,37,61,5,3x
26-04-2024,15,23,53,57,61,9,3x
23-04-2024,11,17,33,39,43,14,4x
19-04-2024,19,30,34,46,58,3,3x
16-04-2024,21,26,36,44,59,2,4x
12-04-2024,1,12,14,18,66,16,2x
09-04-2024,34,43,51,52,69,25,4x
05-04-2024,20,30,54,63,65,14,3x
02-04-2024,10,50,56,60,66,19,3x
29-03-2024,11,30,33,38,60,16,4x
26-03-2024,7,11,22,29,38,4,2x
22-03-2024,3,8,31,35,44,16,3x
19-03-2024,24,46,49,62,66,7,2x
15-03-2024,13,25,50,51,66,6,5x
12-03-2024,2,16,31,57,64,24,3x
08-03-2024,19,20,22,47,58,1,3x
05-03-2024,2,49,50,61,70,14,2x
01-03-2024,15,33,37,55,61,24,4x
27-02-2024,6,18,26,27,49,4,3x
23-02-2024,4,6,40,41,60,11,5x
20-02-2024,5,45,55,58,68,7,2x
16-02-2024,19,23,39,42,67,18,4x
13-02-2024,1,3,19,25,58,20,3x
09-02-2024,17,22,29,46,69,1,3x
06-02-2024,2,10,31,44,57,10,4x
02-02-2024,11,22,42,64,69,18,3x
30-01-2024,3,5,16,58,59,11,4x
26-01-2024,14,31,34,50,61,13,3x
23-01-2024,21,28,58,69,70,20,2x
19-01-2024,1,9,16,17,30,17,2x
16-01-2024,2,10,42,49,54,13,2x
12-01-2024,19,34,35,45,67,7,3x
09-01-2024,12,15,32,33,53,24,3x
05-01-2024,5,23,26,38,44,25,3x
02-01-2024,3,18,27,29,64,1,2x
29-12-2023,11,27,30,62,70,10,3x
26-12-2023,8,10,22,58,64,21,3x
22-12-2023,10,26,36,54,69,4,4x
19-12-2023,17,26,50,58,61,11,3x
15-12-2023,10,20,28,40,54,12,2x
12-12-2023,8,23,44,45,53,3,4x
08-12-2023,21,26,53,66,70,13,3x
05-12-2023,18,35,40,64,67,18,4x
01-12-2023,12,47,49,52,65,12,4x
28-11-2023,27,37,42,59,61,11,3x
24-11-2023,6,15,45,59,68,1,4x
21-11-2023,17,22,25,30,38,24,4x
17-11-2023,6,12,31,33,69,17,3x
14-11-2023,29,35,59,61,69,22,4x
10-11-2023,13,33,59,68,70,8,3x
07-11-2023,3,11,33,42,52,20,2x
03-11-2023,15,32,38,47,65,12,4x
31-10-2023,14,35,37,55,70,15,3x
27-10-2023,11,32,43,57,70,6,4x
24-10-2023,16,20,30,54,59,7,3x
20-10-2023,7,29,36,49,61,22,4x
17-10-2023,5,6,29,32,61,20,4x
13-10-2023,6,18,44,46,68,18,3x
10-10-2023,3,8,17,46,63,7,4x
06-10-2023,12,24,46,57,66,22,3x
03-10-2023,3,19,32,39,59,24,3x
29-09-2023,18,40,47,55,64,11,4x
26-09-2023,15,30,35,42,60,16,4x
22-09-2023,10,13,14,57,66,3,2x
19-09-2023,6,9,13,29,66,24,2x
15-09-2023,5,13,29,50,53,25,3x
12-09-2023,2,14,21,42,67,18,5x
08-09-2023,3,12,17,51,62,1,3x
05-09-2023,3,43,50,51,65,13,2x
01-09-2023,10,31,42,43,55,8,2x
29-08-2023,9,39,52,61,63,25,3x
25-08-2023,12,23,26,31,38,2,2x
22-08-2023,1,12,26,36,50,7,2x
18-08-2023,10,20,29,44,66,11,3x
15-08-2023,18,39,42,57,63,7,3x
11-08-2023,8,9,18,35,41,18,3x
08-08-2023,13,19,20,32,33,14,2x
04-08-2023,11,30,45,52,56,20,2x
01-08-2023,8,24,30,45,61,12,4x
28-07-2023,5,10,28,52,63,18,5x
25-07-2023,3,5,6,44,61,25,4x
21-07-2023,29,40,47,50,57,25,2x
18-07-2023,19,22,31,37,54,18,4x
14-07-2023,10,24,48,51,66,15,2x
11-07-2023,10,17,33,51,64,5,2x
07-07-2023,8,10,17,55,66,3,3x
04-07-2023,21,33,54,61,67,12,3x
30-06-2023,13,22,47,51,55,9,3x
27-06-2023,8,34,35,41,52,12,4x
23-06-2023,13,62,65,67,69,14,5x
20-06-2023,6,37,39,45,46,21,4x
16-06-2023,4,24,34,45,57,19,3x
13-06-2023,8,10,19,44,47,4,4x
09-06-2023,3,19,53,60,68,13,3x
06-06-2023,6,12,23,29,57,4,2x
02-06-2023,3,16,19,36,60,25,2x
30-05-2023,13,16,40,64,68,21,2x
26-05-2023,12,20,37,41,64,1,3x
23-05-2023,3,10,22,65,66,19,2x
19-05-2023,5,11,41,44,55,14,2x
16-05-2023,15,34,36,69,70,17,3x
12-05-2023,1,2,23,40,45,15,3x
09-05-2023,4,37,46,48,51,19,3x
05-05-2023,16,18,28,42,43,11,3x
02-05-2023,3,15,16,32,41,9,2x
28-04-2023,18,38,53,62,64,20,3x
25-04-2023,8,29,46,47,48,12,2x
21-04-2023,3,21,29,46,63,9,3x
18-04-2023,7,9,15,19,25,4,2x
14-04-2023,23,27,41,48,51,22,2x
11-04-2023,31,35,53,54,55,24,3x
07-04-2023,12,32,49,51,66,21,2x
04-04-2023,1,37,45,62,64,4,3x
31-03-2023,16,26,27,42,61,23,4x
28-03-2023,2,3,18,32,68,24,4x
24-03-2023,14,17,33,42,66,15,3x
21-03-2023,1,21,25,27,40,11,2x
17-03-2023,26,28,29,39,49,25,3x
14-03-2023,1,7,23,38,55,2,3x
10-03-2023,9,20,59,60,63,5,2x
07-03-2023,15,22,25,28,69,21,4x
03-03-2023,8,25,36,39,67,11,4x
28-02-2023,14,16,40,52,59,13,2x
24-02-2023,2,22,49,65,67,7,4x
21-02-2023,2,15,30,36,63,24,2x
17-02-2023,2,33,38,57,70,13,3x
14-02-2023,23,24,35,40,43,1,3x
10-02-2023,20,29,30,52,58,19,3x
07-02-2023,9,15,46,55,57,4,2x
03-02-2023,1,4,50,54,59,17,2x
31-01-2023,7,9,18,29,39,13,4x
27-01-2023,4,43,46,47,61,22,4x
24-01-2023,33,41,47,50,62,20,4x
20-01-2023,20,29,31,64,66,17,4x
17-01-2023,2,12,18,24,39,18,3x
13-01-2023,30,43,45,46,61,14,2x
10-01-2023,7,13,14,15,18,9,3x
06-01-2023,3,20,46,59,63,13,3x
03-01-2023,25,29,33,41,44,18,4x
30-12-2022,1,3,6,44,51,7,3x
27-12-2022,9,13,36,59,61,11,2x
23-12-2022,15,21,32,38,62,8,4x
20-12-2022,3,4,33,36,52,17,4x
16-12-2022,8,35,40,53,56,11,3x
13-12-2022,14,22,48,58,68,6,2x
09-12-2022,8,19,53,61,69,19,4x
06-12-2022,15,16,19,28,47,13,3x
02-12-2022,1,21,36,46,52,16,3x
29-11-2022,20,23,37,46,52,6,4x
25-11-2022,29,31,46,54,67,18,2x
22-11-2022,13,23,24,25,43,2,3x
18-11-2022,2,14,16,38,66,9,4x
15-11-2022,6,19,28,46,61,18,2x
11-11-2022,1,5,17,37,70,22,3x
08-11-2022,5,13,29,38,59,23,4x
04-11-2022,2,20,47,55,59,19,2x
01-11-2022,5,9,15,16,17,25,3x
28-10-2022,4,18,31,53,69,7,2x
25-10-2022,21,30,35,45,66,21,3x
21-10-2022,34,36,43,45,68,22,2x
18-10-2022,1,15,20,44,67,23,3x
14-10-2022,9,22,26,41,44,19,2x
11-10-2022,3,7,11,13,38,1,3x
07-10-2022,6,11,29,36,55,21,2x
04-10-2022,15,18,25,33,38,25,2x
30-09-2022,16,26,37,40,51,6,4x
27-09-2022,8,14,24,43,51,9,3x
23-09-2022,5,50,53,58,64,22,4x
20-09-2022,9,21,28,30,52,10,5x
16-09-2022,15,30,35,38,66,12,4x
13-09-2022,14,25,38,59,64,21,4x
09-09-2022,16,21,54,55,69,22,2x
06-09-2022,6,17,46,59,68,2,4x
02-09-2022,39,40,52,60,67,20,2x
30-08-2022,2,38,55,57,65,17,3x
26-08-2022,6,27,30,38,64,23,2x
23-08-2022,3,5,47,48,67,7,2x
19-08-2022,12,18,24,46,65,3,4x
16-08-2022,33,35,41,45,51,1,2x
12-08-2022,23,24,50,54,64,3,3x
09-08-2022,1,8,10,25,32,13,3x
05-08-2022,2,5,29,64,69,18,3x
02-08-2022,10,14,25,37,63,14,3x
29-07-2022,13,36,45,57,67,14,2x
26-07-2022,7,29,60,63,66,15,3x
22-07-2022,14,40,60,64,66,16,3x
19-07-2022,2,31,32,37,70,25,3x
15-07-2022,8,20,26,53,64,15,5x
12-07-2022,4,7,10,45,64,12,2x
08-07-2022,20,36,61,62,69,20,3x
05-07-2022,27,31,50,51,61,21,4x
01-07-2022,1,27,29,38,62,12,3x
28-06-2022,7,12,21,43,55,11,2x
24-06-2022,1,7,11,25,56,14,2x
21-06-2022,8,13,18,32,42,20,3x
17-06-2022,20,36,53,56,69,16,2x
14-06-2022,30,37,38,42,58,22,2x
10-06-2022,3,12,14,18,32,4,5x
07-06-2022,4,34,40,41,53,3,4x
03-06-2022,11,16,22,48,59,11,4x
31-05-2022,6,15,41,63,64,24,4x
27-05-2022,3,14,40,53,54,8,3x
24-05-2022,3,5,6,63,68,25,3x
20-05-2022,33,40,59,60,69,22,3x
17-05-2022,7,21,24,41,65,24,4x
13-05-2022,11,41,43,44,65,13,3x
10-05-2022,15,19,20,61,70,9,3x
06-05-2022,16,21,33,52,70,10,2x
03-05-2022,15,19,27,35,57,17,2x
29-04-2022,9,11,34,49,66,15,2x
29-04-2022,9,11,34,49,66,15,2x
26-04-2022,5,7,19,46,69,2,4x
22-04-2022,7,28,29,58,59,10,3x
19-04-2022,2,9,33,47,53,24,3x
15-04-2022,4,17,20,46,64,23,4x
12-04-2022,2,8,14,20,31,17,2x
08-04-2022,8,11,29,32,40,2,3x
05-04-2022,22,43,60,63,64,18,2x
01-04-2022,26,42,47,48,63,21,5x
29-03-2022,7,22,36,45,47,12,2x
25-03-2022,3,13,42,51,58,17,2x
22-03-2022,8,15,21,27,61,8,3x
18-03-2022,2,6,25,40,45,5,4x
15-03-2022,9,14,28,59,60,24,5x
11-03-2022,24,28,39,44,66,25,3x
08-03-2022,7,18,38,58,64,24,3x
04-03-2022,11,19,28,46,47,5,4x
01-03-2022,18,22,38,39,50,18,2x
25-02-2022,15,31,40,56,66,4,3x
22-02-2022,6,17,22,57,62,3,3x
18-02-2022,6,11,50,63,68,17,4x
15-02-2022,2,4,15,21,63,19,3x
11-02-2022,11,16,23,24,30,24,3x
08-02-2022,1,17,20,52,54,2,3x
04-02-2022,7,16,34,44,61,24,4x
01-02-2022,11,24,38,62,66,1,4x
28-01-2022,3,16,25,44,55,13,3x
25-01-2022,3,12,38,53,58,13,3x
21-01-2022,38,45,46,55,67,18,2x
18-01-2022,4,19,39,42,52,9,4x
14-01-2022,5,8,13,22,48,25,2x
11-01-2022,2,3,19,52,58,16,2x
07-01-2022,7,29,43,56,57,6,3x
04-01-2022,4,6,16,21,22,1,3x
31-12-2021,2,5,30,46,61,8,3x
28-12-2021,3,5,8,31,38,4,3x
24-12-2021,16,17,25,36,37,16,2x
21-12-2021,25,31,58,64,67,24,3x
17-12-2021,21,32,38,48,62,10,3x
14-12-2021,33,35,44,55,69,20,3x
10-12-2021,23,25,40,42,60,8,2x
07-12-2021,1,7,40,43,68,1,2x
03-12-2021,22,45,48,58,61,13,5x
30-11-2021,7,8,26,30,39,17,2x
26-11-2021,7,27,37,42,59,2,2x
23-11-2021,7,24,54,57,58,6,3x
19-11-2021,5,23,52,53,59,18,5x
16-11-2021,6,22,44,53,65,3,3x
12-11-2021,30,32,42,46,48,15,2x
09-11-2021,9,14,16,26,49,14,3x
05-11-2021,10,15,20,66,68,18,2x
02-11-2021,5,10,26,58,65,9,2x
29-10-2021,15,26,28,35,45,4,3x
26-10-2021,6,14,19,56,62,9,4x
22-10-2021,9,14,26,29,66,22,3x
19-10-2021,3,12,13,19,52,1,3x
15-10-2021,3,20,31,34,65,18,3x
12-10-2021,21,26,56,61,65,4,3x
08-10-2021,21,24,36,40,70,22,5x
05-10-2021,7,11,18,30,36,4,3x
01-10-2021,21,25,36,62,63,6,2x
28-09-2021,18,30,43,68,69,22,4x
24-09-2021,17,21,27,43,56,15,3x
21-09-2021,36,41,45,51,56,13,3x
17-09-2021,17,32,40,59,61,18,3x
14-09-2021,4,13,19,63,64,16,2x
10-09-2021,20,32,35,47,64,18,2x
07-09-2021,15,17,25,32,53,12,3x
03-09-2021,7,10,12,61,65,3,2x
31-08-2021,8,14,31,58,68,15,3x
27-08-2021,1,10,44,47,56,23,3x
24-08-2021,17,18,26,52,67,19,2x
20-08-2021,41,43,51,57,70,1,2x
17-08-2021,3,6,16,38,56,24,3x
13-08-2021,17,21,35,40,53,11,2x
10-08-2021,29,45,50,59,62,12,2x
06-08-2021,9,18,40,46,69,9,2x
03-08-2021,1,9,17,27,34,24,2x
30-07-2021,19,26,31,52,68,10,3x
27-07-2021,2,35,36,54,64,11,3x
23-07-2021,13,17,19,40,69,17,3x
20-07-2021,10,26,30,52,57,10,2x
16-07-2021,24,25,47,52,57,24,4x
13-07-2021,3,10,17,26,55,24,2x
09-07-2021,6,37,39,41,46,17,2x
06-07-2021,18,47,63,68,69,14,3x
02-07-2021,8,31,32,34,45,19,2x
29-06-2021,7,38,50,52,69,21,3x
25-06-2021,17,20,42,45,65,12,4x
22-06-2021,1,26,48,51,59,25,4x
18-06-2021,14,36,44,46,53,18,2x
15-06-2021,18,22,27,38,52,11,4x
11-06-2021,4,43,56,63,68,13,4x
08-06-2021,9,22,39,41,54,19,3x
04-06-2021,4,30,34,41,64,8,3x
01-06-2021,7,11,33,58,63,23,2x
28-05-2021,10,14,20,47,70,15,2x
25-05-2021,14,21,31,34,54,11,3x
21-05-2021,6,9,17,18,48,8,3x
18-05-2021,3,5,56,61,66,4,2x
14-05-2021,3,18,41,44,68,3,2x
11-05-2021,7,8,20,36,39,22,3x
07-05-2021,5,10,19,21,50,10,4x
04-05-2021,4,27,32,57,63,22,3x
30-04-2021,8,19,26,48,49,5,3x
27-04-2021,15,22,30,41,42,25,4x
23-04-2021,4,28,29,30,60,25,3x
20-04-2021,6,23,43,49,52,5,3x
16-04-2021,17,27,28,50,55,25,4x
13-04-2021,10,15,19,45,68,9,4x
09-04-2021,22,26,27,58,66,12,2x
06-04-2021,1,19,20,32,42,17,3x
02-04-2021,10,42,48,53,62,19,2x
30-03-2021,11,37,47,53,56,15,3x
26-03-2021,4,25,37,46,67,15,3x
23-03-2021,12,23,35,38,55,11,2x
19-03-2021,9,14,40,58,69,8,3x
16-03-2021,10,41,46,52,69,8,2x
12-03-2021,2,24,25,31,65,18,4x
09-03-2021,4,33,46,58,65,13,2x
05-03-2021,10,11,17,27,54,20,2x
02-03-2021,4,8,13,34,64,18,2x
26-02-2021,11,15,37,62,64,5,2x
23-02-2021,5,7,9,20,57,15,3x
19-02-2021,27,32,47,50,53,4,4x
16-02-2021,1,36,44,54,66,10,3x
12-02-2021,5,14,24,25,27,14,3x
09-02-2021,7,18,21,31,40,9,4x
05-02-2021,14,17,28,29,44,2,4x
02-02-2021,13,37,38,40,67,10,2x
29-01-2021,4,44,58,59,70,3,3x
26-01-2021,29,49,56,66,67,24,3x
22-01-2021,4,26,42,50,60,24,2x
19-01-2021,10,19,26,28,50,16,2x
15-01-2021,3,11,12,38,43,15,4x
12-01-2021,12,14,26,28,33,9,2x
08-01-2021,3,6,16,18,58,11,2x
05-01-2021,20,43,51,55,57,4,2x
01-01-2021,8,24,53,68,69,7,5x
29-12-2020,1,31,35,48,62,19,3x
25-12-2020,17,23,36,69,70,19,2x
22-12-2020,29,53,56,59,67,21,2x
18-12-2020,7,15,25,51,60,5,3x
15-12-2020,1,10,18,20,46,15,2x
11-12-2020,19,31,37,55,67,25,4x
08-12-2020,15,19,33,39,68,25,3x
04-12-2020,3,19,24,44,50,8,3x
01-12-2020,7,33,53,61,65,14,2x
27-11-2020,4,10,27,35,58,10,2x
24-11-2020,9,15,34,61,64,6,2x
20-11-2020,26,33,45,61,68,17,3x
17-11-2020,8,13,35,46,68,16,3x
13-11-2020,6,7,14,28,59,7,2x
10-11-2020,23,45,53,58,62,13,5x
06-11-2020,18,24,27,34,60,2,2x
03-11-2020,7,31,44,45,55,19,3x
30-10-2020,14,19,34,39,59,11,2x
27-10-2020,6,13,34,46,62,1,3x
23-10-2020,18,34,44,60,69,22,2x
20-10-2020,46,54,57,58,66,10,3x
16-10-2020,27,32,50,52,57,12,5x
13-10-2020,11,44,45,46,70,25,2x
09-10-2020,5,11,25,27,64,13,2x
06-10-2020,15,16,18,39,59,17,3x
02-10-2020,9,38,47,49,68,25,2x
29-09-2020,14,39,43,44,67,19,3x
25-09-2020,20,36,37,48,67,16,2x
22-09-2020,36,43,44,55,68,12,4x
18-09-2020,26,29,41,52,64,11,3x
15-09-2020,25,28,38,59,62,22,4x
11-09-2020,3,15,42,48,56,13,2x
08-09-2020,7,10,15,31,57,21,2x
04-09-2020,19,22,24,28,53,25,3x
01-09-2020,15,25,26,38,47,22,4x
28-08-2020,3,9,50,53,64,1,3x
25-08-2020,8,10,15,17,57,12,3x
21-08-2020,11,15,31,42,63,14,2x
18-08-2020,4,18,26,27,58,23,4x
14-08-2020,3,24,29,42,47,13,2x
11-08-2020,8,22,29,43,56,9,4x
07-08-2020,4,44,53,64,70,3,2x
04-08-2020,2,22,30,42,62,20,3x
31-07-2020,12,35,46,48,69,23,2x
28-07-2020,17,20,27,31,34,19,4x
24-07-2020,8,33,39,54,58,17,3x
21-07-2020,14,25,26,41,43,15,3x
17-07-2020,12,13,21,46,57,21,3x
14-07-2020,6,26,55,56,64,22,4x
10-07-2020,10,15,20,49,53,22,5x
07-07-2020,16,20,25,30,43,18,3x
03-07-2020,20,40,44,45,50,24,2x
30-06-2020,9,16,29,37,53,11,2x
26-06-2020,19,33,37,56,57,6,2x
23-06-2020,6,20,37,40,48,15,3x
19-06-2020,11,34,36,52,66,7,2x
16-06-2020,21,23,33,35,42,6,3x
12-06-2020,9,14,57,67,70,2,3x
09-06-2020,1,5,9,10,23,22,2x
05-06-2020,32,35,37,47,55,22,3x
02-06-2020,9,20,23,26,29,8,3x
29-05-2020,10,13,32,41,51,3,2x
26-05-2020,34,52,58,59,62,4,3x
26-05-2020,34,52,58,59,62,4,3x
22-05-2020,8,10,20,44,46,18,4x
19-05-2020,8,19,25,36,66,9,2x
15-05-2020,11,17,32,33,46,25,3x
12-05-2020,7,16,27,44,52,5,5x
08-05-2020,5,20,22,61,70,4,2x
05-05-2020,7,13,17,21,45,14,2x
01-05-2020,28,30,31,35,66,14,2x
28-04-2020,13,19,53,54,63,17,3x
24-04-2020,1,27,32,60,67,18,2x
21-04-2020,13,15,24,67,70,17,2x
17-04-2020,13,35,39,46,55,14,4x
14-04-2020,29,47,65,69,70,7,4x
10-04-2020,2,11,21,57,60,13,2x
07-04-2020,25,33,43,51,68,20,2x
03-04-2020,24,38,44,57,58,17,4x
31-03-2020,8,17,51,57,70,2,4x
27-03-2020,3,25,28,50,60,1,4x
24-03-2020,2,8,16,18,31,14,2x
20-03-2020,34,35,41,45,54,5,4x
17-03-2020,20,27,28,58,59,25,3x
13-03-2020,7,22,37,43,44,22,4x
10-03-2020,6,17,48,54,69,12,5x
06-03-2020,15,48,56,58,70,4,4x
03-03-2020,8,12,33,56,64,2,2x
28-02-2020,2,3,14,41,64,17,2x
25-02-2020,2,9,43,49,63,15,2x
21-02-2020,4,7,13,16,60,6,4x
18-02-2020,6,12,39,61,70,4,3x
14-02-2020,10,32,48,54,55,18,5x
11-02-2020,4,6,32,52,64,6,2x
07-02-2020,9,14,27,36,52,4,3x
04-02-2020,32,48,50,51,64,10,2x
31-01-2020,28,31,33,57,62,19,2x
28-01-2020,17,36,47,51,62,21,3x
28-01-2020,17,36,47,51,62,21,3x
24-01-2020,3,4,18,23,38,24,4x
21-01-2020,16,18,29,31,37,8,3x
17-01-2020,3,25,30,54,70,9,3x
14-01-2020,9,11,13,31,47,11,2x
10-01-2020,17,27,49,51,66,2,2x
07-01-2020,25,40,41,52,56,21,4x
03-01-2020,37,41,42,53,63,16,2x
31-12-2019,30,44,49,53,56,11,3x
27-12-2019,17,34,40,63,64,24,4x
24-12-2019,27,37,48,63,66,11,2x
20-12-2019,3,20,23,35,60,16,3x
17-12-2019,22,30,53,55,56,16,2x
13-12-2019,17,21,29,39,56,22,3x
10-12-2019,18,31,46,54,61,25,2x
06-12-2019,20,31,40,46,61,20,5x
03-12-2019,23,43,60,63,69,19,2x
29-11-2019,6,8,31,50,65,9,2x
26-11-2019,8,27,29,38,43,13,2x
22-11-2019,7,12,17,49,53,24,4x
19-11-2019,22,43,44,47,66,22,3x
15-11-2019,12,19,34,35,68,20,2x
12-11-2019,19,30,44,56,65,24,2x
08-11-2019,3,4,10,39,58,14,3x
05-11-2019,2,9,24,49,54,19,3x
01-11-2019,9,20,36,41,54,22,2x
29-10-2019,4,9,17,27,39,22,2x
25-10-2019,16,24,25,52,60,6,3x
22-10-2019,5,11,14,23,25,10,4x
18-10-2019,18,58,60,65,67,20,3x
15-10-2019,4,12,14,35,70,2,2x
11-10-2019,14,22,30,37,60,8,3x
08-10-2019,5,8,10,17,48,23,3x
04-10-2019,11,38,44,48,70,17,2x
01-10-2019,10,17,39,42,59,3,2x
27-09-2019,12,20,31,43,45,20,3x
24-09-2019,6,14,24,42,46,9,4x
20-09-2019,23,24,42,48,53,22,2x
17-09-2019,12,15,30,50,65,1,4x
13-09-2019,6,16,37,59,62,5,2x
10-09-2019,34,47,48,50,55,24,2x
06-09-2019,4,11,13,19,31,10,4x
03-09-2019,13,20,27,61,62,5,2x
30-08-2019,3,9,11,34,39,10,4x
27-08-2019,8,12,23,39,43,6,2x
23-08-2019,11,15,37,54,68,21,2x
23-08-2019,11,15,37,54,68,21,2x
20-08-2019,8,14,25,51,63,4,3x
16-08-2019,4,14,24,26,46,14,2x
13-08-2019,7,27,31,34,51,5,3x
09-08-2019,15,53,56,59,63,1,2x
06-08-2019,11,17,31,43,55,16,2x
02-08-2019,11,20,26,48,70,19,2x
30-07-2019,10,24,28,33,38,6,3x
26-07-2019,4,6,11,43,48,11,3x
23-07-2019,1,4,23,40,45,11,2x
19-07-2019,16,18,28,33,67,14,3x
16-07-2019,8,16,31,48,52,23,3x
12-07-2019,8,25,38,56,59,7,2x
09-07-2019,12,26,40,48,64,1,2x
05-07-2019,6,38,47,57,63,12,2x
02-07-2019,3,25,37,40,55,13,2x
28-06-2019,2,35,49,53,63,1,2x
25-06-2019,24,33,45,47,61,17,3x
21-06-2019,13,30,36,48,62,18,3x
18-06-2019,12,14,22,24,48,21,2x
14-06-2019,19,40,47,57,65,6,2x
11-06-2019,20,34,39,43,57,13,3x
07-06-2019,17,19,27,40,68,2,3x
04-06-2019,25,37,46,48,68,25,2x
31-05-2019,7,8,26,65,67,4,3x
28-05-2019,9,21,34,42,50,21,2x
24-05-2019,14,41,44,56,62,10,2x
21-05-2019,10,50,55,56,58,15,5x
17-05-2019,5,17,28,32,63,11,3x
14-05-2019,11,59,66,67,68,18,4x
10-05-2019,3,16,21,61,62,19,2x
07-05-2019,3,6,34,54,63,19,3x
03-05-2019,8,16,22,66,68,11,2x
30-04-2019,24,37,41,61,70,20,3x
26-04-2019,9,17,23,30,46,10,4x
23-04-2019,7,24,30,48,67,9,4x
19-04-2019,18,25,43,44,57,25,4x
16-04-2019,11,29,34,48,54,10,2x
12-04-2019,1,24,25,40,70,4,2x
09-04-2019,11,22,34,44,58,9,2x
05-04-2019,8,22,24,38,64,21,2x
02-04-2019,33,47,58,59,64,25,3x
29-03-2019,5,14,15,62,66,3,3x
26-03-2019,4,14,22,43,58,9,3x
22-03-2019,7,36,58,60,62,10,3x
19-03-2019,10,42,53,67,68,15,3x
15-03-2019,3,29,56,62,64,4,3x
12-03-2019,10,12,16,49,57,18,4x
08-03-2019,4,9,42,62,68,7,4x
05-03-2019,15,20,32,37,52,6,3x
01-03-2019,29,33,39,60,66,21,2x
26-02-2019,10,12,14,24,60,20,3x
22-02-2019,18,24,31,34,55,4,4x
19-02-2019,17,24,34,56,65,3,2x
15-02-2019,10,38,40,43,65,12,2x
12-02-2019,15,32,39,50,65,7,3x
08-02-2019,14,24,31,42,48,13,3x
05-02-2019,3,34,36,59,66,7,2x
01-02-2019,2,37,48,66,68,11,5x
29-01-2019,10,33,53,54,62,22,2x
25-01-2019,8,16,30,38,61,10,2x
22-01-2019,4,15,37,59,64,16,5x
18-01-2019,2,43,48,62,64,24,3x
15-01-2019,29,52,58,60,62,7,2x
11-01-2019,4,5,31,62,69,20,3x
08-01-2019,13,26,29,38,64,5,5x
04-01-2019,21,29,35,54,60,15,4x
01-01-2019,34,44,57,62,70,14,4x
28-12-2018,9,10,25,37,38,21,2x
25-12-2018,2,8,42,43,50,6,3x
21-12-2018,10,13,61,62,70,5,3x
18-12-2018,13,22,32,60,69,9,3x
14-12-2018,5,22,26,43,49,23,4x
11-12-2018,4,38,39,54,59,12,2x
07-12-2018,4,10,20,33,57,13,3x
04-12-2018,28,31,41,42,50,4,3x
30-11-2018,25,28,40,43,63,19,3x
27-11-2018,12,24,37,42,57,18,4x
23-11-2018,7,10,30,33,59,23,4x
20-11-2018,10,16,31,42,66,10,3x
16-11-2018,33,36,63,68,69,16,3x
13-11-2018,34,46,57,65,69,11,3x
09-11-2018,8,14,27,57,67,5,4x
06-11-2018,28,34,37,56,69,12,2x
02-11-2018,3,23,28,46,62,16,2x
30-10-2018,20,31,39,46,49,23,2x
26-10-2018,1,28,61,62,63,5,4x
23-10-2018,5,28,62,65,70,5,3x
19-10-2018,15,23,53,65,70,7,2x
16-10-2018,3,45,49,61,69,9,5x
12-10-2018,4,24,46,61,70,7,3x
09-10-2018,20,22,39,54,60,18,3x
05-10-2018,27,28,32,41,69,12,2x
02-10-2018,2,22,29,31,34,1,3x
28-09-2018,39,45,52,56,59,15,3x
25-09-2018,8,16,32,48,61,12,2x
21-09-2018,1,2,11,52,64,9,4x
18-09-2018,31,32,43,63,68,17,2x
14-09-2018,23,30,40,43,66,13,4x
11-09-2018,15,30,51,62,67,19,2x
07-09-2018,8,10,41,54,68,10,2x
04-09-2018,2,7,25,35,44,3,3x
31-08-2018,7,18,29,32,45,17,3x
28-08-2018,3,20,33,34,41,20,3x
24-08-2018,1,6,13,18,49,8,2x
21-08-2018,14,16,19,38,57,11,3x
17-08-2018,1,31,32,47,56,3,2x
14-08-2018,11,26,44,45,46,11,2x
10-08-2018,1,3,12,22,42,6,5x
07-08-2018,2,13,15,21,62,2,5x
03-08-2018,9,28,30,54,60,2,2x
31-07-2018,12,15,35,64,69,9,2x
27-07-2018,1,32,40,49,63,20,3x
24-07-2018,1,2,4,19,29,20,3x
20-07-2018,1,14,30,44,62,1,2x
17-07-2018,40,41,61,66,67,12,5x
13-07-2018,21,22,39,59,68,2,2x
10-07-2018,1,17,28,56,70,14,3x
06-07-2018,2,10,46,50,56,16,3x
03-07-2018,13,35,45,49,68,23,2x
29-06-2018,2,32,47,49,68,23,4x
26-06-2018,17,25,29,39,60,19,2x
22-06-2018,2,6,11,27,44,20,2x
19-06-2018,11,13,28,65,70,14,3x
15-06-2018,1,11,37,47,51,6,2x
12-06-2018,1,3,5,8,70,3,2x
08-06-2018,14,30,33,44,56,13,2x
05-06-2018,22,33,41,48,52,4,2x
01-06-2018,5,24,52,62,66,17,3x
29-05-2018,2,11,55,58,67,2,3x
25-05-2018,11,14,51,64,68,25,4x
22-05-2018,16,17,21,36,48,9,3x
18-05-2018,9,26,53,64,66,11,2x
15-05-2018,21,34,44,49,61,21,2x
11-05-2018,14,38,40,53,70,22,3x
08-05-2018,8,15,39,64,67,13,2x
04-05-2018,4,5,10,12,18,21,4x
01-05-2018,2,7,20,55,70,1,4x
27-04-2018,2,29,38,63,66,11,2x
24-04-2018,3,19,31,32,48,10,3x
20-04-2018,1,15,18,32,45,4,2x
17-04-2018,12,34,44,47,65,22,4x
13-04-2018,8,9,32,42,59,10,4x
10-04-2018,5,13,31,43,53,20,2x
06-04-2018,16,33,51,54,67,20,4x
03-04-2018,4,29,39,42,62,14,2x
30-03-2018,11,28,31,46,59,1,3x
27-03-2018,7,25,43,56,59,13,3x
23-03-2018,4,8,23,53,59,17,3x
20-03-2018,14,38,51,64,70,9,3x
16-03-2018,1,13,26,33,52,11,3x
13-03-2018,6,30,58,60,61,17,5x
09-03-2018,7,17,18,46,66,22,4x
06-03-2018,1,4,26,35,39,22,5x
02-03-2018,24,28,42,60,64,8,4x
27-02-2018,10,17,21,38,43,23,3x
23-02-2018,7,11,13,19,58,9,4x
20-02-2018,17,19,23,24,43,14,3x
16-02-2018,14,38,48,53,58,16,3x
13-02-2018,5,12,15,46,49,1,4x
09-02-2018,28,34,41,46,47,14,3x
06-02-2018,14,17,25,48,58,25,3x
02-02-2018,1,4,14,17,40,4,3x
30-01-2018,29,41,42,49,57,24,3x
26-01-2018,10,16,27,38,43,1,4x
23-01-2018,2,6,30,31,55,7,4x
19-01-2018,3,17,23,49,66,23,3x
16-01-2018,3,11,23,29,59,18,3x
12-01-2018,17,18,33,46,60,24,4x
09-01-2018,16,29,31,65,67,23,3x
05-01-2018,28,30,39,59,70,10,3x
02-01-2018,1,42,47,64,70,22,4x
29-12-2017,4,10,18,28,62,7,2x
26-12-2017,10,12,20,38,41,25,4x
22-12-2017,1,20,30,33,42,16,4x
19-12-2017,28,37,39,42,58,2,3x
15-12-2017,4,12,36,44,57,19,4x
12-12-2017,8,23,24,25,27,9,2x
08-12-2017,6,37,46,60,70,24,2x
05-12-2017,14,15,37,42,67,22,4x
01-12-2017,16,22,40,41,59,8,4x
28-11-2017,10,17,47,51,61,5,2x
24-11-2017,16,36,54,61,64,22,3x
21-11-2017,3,7,22,27,50,3,3x
17-11-2017,3,26,55,58,70,15,4x
14-11-2017,1,14,21,22,28,19,3x
10-11-2017,6,23,38,42,58,24,2x
07-11-2017,1,54,60,68,69,11,4x
03-11-2017,10,22,42,61,69,3,2x
31-10-2017,6,28,31,52,53,12,4x
27-10-2017,17,27,41,51,52,13,5x
24-10-2017,20,24,34,56,64,6,4x
20-10-2017,6,23,63,66,73,9,2x
17-10-2017,31,45,49,56,70,11,5x
13-10-2017,2,7,18,26,31,12,2x
10-10-2017,7,16,24,61,62,2,5x
06-10-2017,21,33,36,45,56,12,5x
03-10-2017,12,18,19,25,67,7,5x
29-09-2017,25,51,62,73,74,7,5x
26-09-2017,1,10,57,66,75,4,4x
22-09-2017,5,39,54,63,66,15,5x
19-09-2017,9,28,31,50,61,10,2x
15-09-2017,18,24,34,38,58,3,4x
12-09-2017,26,37,41,54,65,3,4x
08-09-2017,4,5,14,26,73,14,2x
05-09-2017,11,17,59,70,72,1,3x
01-09-2017,4,13,31,50,64,12,5x
29-08-2017,2,13,17,35,73,3,3x
25-08-2017,17,38,42,51,65,11,5x
22-08-2017,24,35,46,50,51,7,4x
18-08-2017,1,31,34,40,75,6,3x
15-08-2017,7,16,20,66,73,7,2x
11-08-2017,23,33,53,56,58,6,5x
08-08-2017,11,17,50,52,74,14,2x
04-08-2017,9,17,25,63,71,4,5x
01-08-2017,20,22,52,57,73,7,5x
28-07-2017,4,6,31,49,52,11,3x
25-07-2017,2,5,26,58,60,6,3x
21-07-2017,18,31,36,50,74,10,4x
18-07-2017,8,12,23,51,73,6,4x
14-07-2017,11,12,24,32,73,1,4x
11-07-2017,7,18,24,55,74,10,2x
07-07-2017,2,9,11,28,60,10,5x
04-07-2017,16,39,47,53,71,15,4x
30-06-2017,10,38,51,55,64,6,5x
27-06-2017,4,21,45,52,57,14,4x
23-06-2017,12,20,53,66,74,11,2x
20-06-2017,2,15,41,49,63,3,3x
16-06-2017,18,22,26,30,44,9,5x
13-06-2017,27,51,62,68,75,8,3x
09-06-2017,3,16,28,33,37,9,5x
06-06-2017,3,5,16,49,75,5,3x
02-06-2017,7,42,57,69,72,10,3x
30-05-2017,5,20,32,37,67,5,5x
26-05-2017,25,26,28,37,56,5,3x
23-05-2017,6,13,17,33,60,14,2x
19-05-2017,1,4,5,24,30,1,3x
16-05-2017,4,35,39,56,72,11,5x
12-05-2017,28,34,41,42,47,13,4x
09-05-2017,6,29,45,69,73,11,5x
05-05-2017,4,23,33,47,53,7,4x
02-05-2017,5,14,42,43,58,1,4x
28-04-2017,6,13,18,20,31,13,4x
25-04-2017,3,13,33,40,50,2,4x
21-04-2017,1,12,13,32,34,10,2x
18-04-2017,8,29,30,43,64,6,3x
14-04-2017,5,10,55,60,73,12,5x
11-04-2017,19,34,35,38,49,8,5x
07-04-2017,30,33,43,47,69,15,5x
04-04-2017,13,24,34,35,55,9,5x
31-03-2017,17,24,27,32,58,10,3x
28-03-2017,30,33,35,37,46,10,5x
24-03-2017,5,28,37,61,69,1,5x
21-03-2017,4,45,53,73,75,7,3x
17-03-2017,11,27,31,58,60,10,4x
14-03-2017,16,23,28,33,59,13,3x
10-03-2017,26,38,42,58,70,5,5x
07-03-2017,3,30,45,53,68,11,3x
03-03-2017,14,26,39,48,51,9,5x
28-02-2017,20,33,45,58,69,4,2x
24-02-2017,12,29,33,42,68,14,3x
21-02-2017,9,21,30,32,75,9,5x
17-02-2017,4,56,58,67,75,8,5x
14-02-2017,7,11,33,60,68,15,5x
10-02-2017,32,39,51,62,75,14,5x
07-02-2017,23,28,37,56,71,12,5x
03-02-2017,3,6,29,30,64,3,5x
31-01-2017,3,14,27,62,72,4,3x
27-01-2017,17,37,53,54,61,8,3x
24-01-2017,8,42,54,63,67,11,4x
20-01-2017,7,9,24,41,53,14,3x
17-01-2017,20,31,54,56,59,3,5x
13-01-2017,10,44,58,74,75,11,3x
10-01-2017,11,20,40,41,59,15,5x
06-01-2017,6,10,44,47,54,6,5x
03-01-2017,14,16,23,49,53,12,2x
30-12-2016,6,21,33,39,43,2,2x
27-12-2016,2,28,30,38,39,11,4x
23-12-2016,21,30,39,60,69,15,5x
20-12-2016,1,12,14,48,65,2,5x
16-12-2016,1,8,15,36,43,6,5x
13-12-2016,2,15,26,34,41,14,5x
09-12-2016,19,27,47,67,68,1,5x
06-12-2016,13,34,48,53,63,12,4x
02-12-2016,3,33,35,49,51,1,2x
29-11-2016,22,33,49,51,59,8,4x
25-11-2016,44,47,49,69,75,10,3x
22-11-2016,1,43,45,66,69,7,5x
18-11-2016,31,32,49,55,58,15,5x
15-11-2016,9,17,23,57,71,6,3x
11-11-2016,16,40,47,53,59,11,5x
08-11-2016,46,48,53,61,74,12,4x
04-11-2016,10,29,32,44,46,10,3x
01-11-2016,19,24,31,39,45,13,2x
28-10-2016,7,38,46,57,66,2,5x
25-10-2016,8,9,24,49,67,13,3x
21-10-2016,12,43,44,48,66,3,4x
18-10-2016,7,24,28,65,74,1,2x
14-10-2016,7,27,60,64,74,5,3x
11-10-2016,36,39,42,45,48,3,2x
07-10-2016,24,37,42,50,65,14,2x
04-10-2016,18,29,30,54,66,1,5x
30-09-2016,21,30,47,50,57,9,5x
27-09-2016,14,16,26,53,72,4,4x
23-09-2016,1,5,8,25,62,14,3x
20-09-2016,2,22,34,62,72,2,5x
16-09-2016,13,21,28,34,40,15,3x
13-09-2016,6,15,17,39,56,15,3x
09-09-2016,1,34,43,44,63,11,4x
06-09-2016,25,37,58,69,75,8,3x
02-09-2016,22,28,41,46,60,3,3x
30-08-2016,28,32,41,51,71,11,4x
26-08-2016,10,11,31,41,44,14,2x
23-08-2016,2,7,46,61,66,1,2x
19-08-2016,22,37,45,65,73,13,5x
16-08-2016,2,43,52,62,63,6,5x
12-08-2016,4,41,44,56,69,10,4x
09-08-2016,12,19,20,44,66,1,5x
05-08-2016,5,18,28,54,74,6,4x
02-08-2016,3,12,36,54,70,12,5x
29-07-2016,11,16,19,31,48,4,5x
26-07-2016,1,4,31,36,54,9,3x
22-07-2016,8,24,25,26,30,7,4x
19-07-2016,3,34,54,65,66,4,5x
15-07-2016,16,51,52,56,58,4,2x
12-07-2016,6,8,22,46,68,4,4x
08-07-2016,8,19,20,55,73,5,2x
05-07-2016,29,46,53,64,73,10,5x
01-07-2016,20,41,42,45,49,14,2x
28-06-2016,15,17,20,35,55,7,2x
24-06-2016,11,14,54,57,63,11,5x
21-06-2016,6,13,21,49,50,10,5x
17-06-2016,20,23,30,44,59,9,5x
14-06-2016,36,37,38,52,62,6,5x
10-06-2016,34,61,66,67,68,7,5x
07-06-2016,25,48,51,65,72,4,4x
03-06-2016,32,54,65,66,71,10,3x
31-05-2016,9,31,34,41,49,8,5x
27-05-2016,18,41,50,68,70,9,3x
24-05-2016,11,50,51,70,75,15,4x
20-05-2016,19,24,26,40,68,8,2x
17-05-2016,17,24,27,48,75,6,3x
13-05-2016,20,21,38,54,66,7,4x
10-05-2016,12,22,46,56,74,4,3x
06-05-2016,14,26,27,32,36,7,4x
03-05-2016,28,29,33,36,45,15,5x
29-04-2016,5,6,37,55,74,10,5x
26-04-2016,14,16,17,28,48,2,2x
22-04-2016,2,19,21,42,60,13,5x
19-04-2016,9,28,40,57,65,2,5x
15-04-2016,9,10,34,37,73,9,5x
12-04-2016,7,11,59,62,63,3,5x
08-04-2016,31,38,52,65,71,15,3x
05-04-2016,13,45,52,53,57,10,5x
01-04-2016,25,28,33,41,69,6,2x
29-03-2016,33,38,40,46,49,15,5x
25-03-2016,4,11,12,35,46,12,2x
22-03-2016,6,19,34,38,70,5,5x
18-03-2016,5,8,57,59,73,13,5x
15-03-2016,18,26,30,44,68,7,4x
11-03-2016,14,18,48,54,71,13,4x
08-03-2016,27,37,54,66,69,5,5x
04-03-2016,21,26,33,48,73,14,4x
01-03-2016,1,29,33,34,55,6,5x
26-02-2016,3,15,19,62,74,14,4x
23-02-2016,16,32,39,53,57,10,5x
19-02-2016,2,27,41,50,75,4,4x
16-02-2016,9,31,33,46,64,4,3x
12-02-2016,1,7,44,68,73,1,3x
09-02-2016,3,42,46,56,71,13,4x
05-02-2016,4,6,23,55,75,2,3x
02-02-2016,7,13,25,51,70,9,4x
29-01-2016,20,28,49,51,52,6,2x
26-01-2016,14,27,39,50,69,2,2x
22-01-2016,21,25,40,46,56,3,5x
19-01-2016,2,17,31,39,47,9,2x
15-01-2016,29,41,53,54,70,12,2x
12-01-2016,15,27,29,31,48,15,4x
08-01-2016,11,39,51,57,75,2,5x
05-01-2016,1,4,36,48,57,13,5x
01-01-2016,7,18,37,38,39,9,5x
29-12-2015,20,25,55,62,74,7,3x
25-12-2015,15,25,29,44,51,4,4x
22-12-2015,11,21,40,50,70,15,3x
18-12-2015,6,23,24,28,62,7,5x
15-12-2015,18,25,47,51,61,5,5x
11-12-2015,14,20,43,54,69,5,4x
08-12-2015,7,17,37,49,73,15,3x
04-12-2015,26,42,47,61,73,6,5x
01-12-2015,5,7,25,50,59,12,2x
27-11-2015,16,20,39,56,59,12,3x
24-11-2015,2,19,30,38,70,8,4x
20-11-2015,9,12,29,37,67,15,2x
17-11-2015,12,14,18,24,61,10,3x
13-11-2015,17,18,31,35,59,9,5x
10-11-2015,8,17,20,45,71,4,4x
06-11-2015,10,31,35,50,72,8,3x
03-11-2015,16,29,44,69,74,12,5x
30-10-2015,17,41,51,53,56,15,5x
27-10-2015,9,26,27,29,74,4,3x
23-10-2015,25,32,37,45,70,1,5x
20-10-2015,6,25,35,38,52,4,4x
16-10-2015,2,38,48,61,68,4,3x
13-10-2015,7,9,24,38,52,1,5x
09-10-2015,8,9,21,63,75,14,4x
06-10-2015,17,58,63,64,66,13,3x
02-10-2015,4,14,29,31,47,9,2x
29-09-2015,8,21,30,61,62,9,3x
25-09-2015,3,8,38,51,64,4,5x
22-09-2015,28,30,38,45,51,8,5x
18-09-2015,17,34,35,51,65,7,3x
15-09-2015,7,20,35,49,56,9,4x
11-09-2015,5,11,31,50,67,14,2x
08-09-2015,19,20,36,41,46,7,3x
04-09-2015,17,21,39,52,57,5,5x
01-09-2015,2,5,35,40,54,13,5x
28-08-2015,13,35,40,60,68,9,4x
25-08-2015,5,44,54,59,63,1,5x
21-08-2015,13,15,21,41,72,1,5x
18-08-2015,2,7,33,39,53,9,3x
14-08-2015,12,15,20,52,71,3,4x
11-08-2015,3,8,29,57,68,8,4x
07-08-2015,1,38,53,63,66,10,3x
04-08-2015,2,19,44,51,57,14,2x
31-07-2015,28,32,33,40,46,10,4x
28-07-2015,8,35,61,68,75,15,5x
24-07-2015,10,12,26,60,62,13,5x
21-07-2015,20,30,62,65,74,1,5x
17-07-2015,6,17,30,31,41,15,3x
14-07-2015,19,24,30,35,72,5,3x
10-07-2015,24,27,45,51,54,8,3x
07-07-2015,6,15,16,28,49,14,3x
03-07-2015,33,50,64,71,72,9,4x
30-06-2015,11,17,34,43,50,15,4x
26-06-2015,12,23,33,47,50,3,5x
23-06-2015,6,13,38,56,70,2,5x
19-06-2015,4,35,36,52,68,8,3x
16-06-2015,8,19,26,56,67,14,2x
12-06-2015,1,40,42,56,62,2,5x
09-06-2015,6,16,17,25,36,7,5x
05-06-2015,7,22,27,41,49,10,4x
02-06-2015,2,9,11,22,23,12,4x
29-05-2015,20,27,38,49,66,2,4x
26-05-2015,1,39,52,69,72,12,4x
22-05-2015,3,14,15,25,48,8,5x
19-05-2015,10,12,21,29,65,10,5x
15-05-2015,11,17,21,36,74,15,5x
12-05-2015,14,30,33,36,44,2,5x
08-05-2015,9,21,25,66,72,7,3x
05-05-2015,11,21,42,62,71,7,5x
01-05-2015,17,18,61,66,74,3,3x
28-04-2015,22,27,55,58,63,11,5x
24-04-2015,24,25,29,47,67,4,4x
21-04-2015,31,33,35,41,69,11,5x
17-04-2015,15,18,29,41,50,5,2x
14-04-2015,3,7,25,68,71,3,5x
10-04-2015,6,11,32,46,68,9,2x
07-04-2015,5,15,22,26,64,6,4x
03-04-2015,10,36,47,63,74,2,5x
31-03-2015,8,26,41,61,73,11,5x
27-03-2015,17,21,36,58,70,3,5x
24-03-2015,2,23,32,45,55,12,2x
20-03-2015,7,50,54,61,75,7,4x
17-03-2015,11,27,44,45,58,3,5x
13-03-2015,8,22,30,42,45,3,5x
10-03-2015,10,14,19,30,73,14,5x
06-03-2015,30,48,55,68,73,5,3x
03-03-2015,9,11,42,44,50,3,4x
27-02-2015,7,49,53,60,64,4,2x
24-02-2015,15,23,26,45,66,4,3x
20-02-2015,2,6,8,52,66,13,3x
17-02-2015,6,45,50,65,66,1,5x
13-02-2015,4,20,44,65,74,14,3x
10-02-2015,7,42,53,58,71,15,2x
06-02-2015,5,6,17,33,68,13,3x
03-02-2015,11,22,25,58,69,13,5x
30-01-2015,18,31,39,45,55,6,5x
27-01-2015,5,26,27,44,57,7,3x
23-01-2015,14,15,32,68,72,8,2x
20-01-2015,31,35,56,59,63,6,5x
16-01-2015,26,32,44,45,58,11,3x
13-01-2015,12,20,25,50,51,7,5x
09-01-2015,37,49,50,56,57,8,5x
06-01-2015,12,20,27,38,75,4,3x
02-01-2015,13,15,35,62,74,12,4x
30-12-2014,3,7,44,63,67,12,4x
26-12-2014,2,5,10,20,38,14,3x
23-12-2014,4,10,31,56,66,7,3x
19-12-2014,14,18,58,59,68,4,3x
16-12-2014,41,58,68,72,73,1,5x
12-12-2014,2,31,46,58,65,7,5x
09-12-2014,27,45,49,51,52,14,5x
05-12-2014,4,5,11,51,59,5,5x
02-12-2014,13,18,22,49,62,11,5x
28-11-2014,8,26,29,36,47,10,3x
25-11-2014,10,11,29,47,56,4,2x
21-11-2014,3,12,35,37,63,15,2x
18-11-2014,37,39,53,68,75,6,2x
14-11-2014,3,49,61,62,68,15,5x
11-11-2014,23,25,28,30,75,11,5x
07-11-2014,31,35,41,65,66,5,5x
04-11-2014,9,15,24,39,41,1,4x
31-10-2014,11,29,36,58,67,15,2x
28-10-2014,3,50,57,58,60,11,5x
24-10-2014,2,14,21,28,55,3,3x
21-10-2014,5,35,37,41,66,11,5x
17-10-2014,21,31,43,56,60,12,4x
14-10-2014,11,37,46,64,68,15,3x
10-10-2014,2,32,35,50,59,3,5x
07-10-2014,16,29,46,48,55,2,3x
03-10-2014,3,20,34,58,67,6,3x
30-09-2014,3,16,52,54,61,6,5x
26-09-2014,17,26,35,46,62,9,5x
23-09-2014,21,24,25,40,43,12,5x
19-09-2014,16,25,27,29,34,2,2x
16-09-2014,25,45,51,53,73,2,2x
12-09-2014,18,28,33,36,42,7,3x
09-09-2014,25,34,55,70,71,1,4x
05-09-2014,7,12,20,24,59,7,2x
02-09-2014,1,8,54,69,72,1,3x
29-08-2014,3,26,45,58,73,12,2x
26-08-2014,29,31,51,60,64,1,5x
22-08-2014,5,31,34,41,74,3,5x
19-08-2014,22,39,56,67,71,15,4x
15-08-2014,16,19,28,29,68,9,2x
12-08-2014,32,53,60,63,68,6,4x
08-08-2014,9,16,61,70,75,7,5x
05-08-2014,25,28,36,45,53,6,5x
01-08-2014,13,29,34,37,72,6,5x
29-07-2014,2,8,16,43,74,1,4x
25-07-2014,22,29,33,41,68,12,5x
22-07-2014,14,18,22,31,47,15,3x
18-07-2014,5,8,59,65,72,3,3x
15-07-2014,2,4,17,36,40,5,2x
11-07-2014,9,13,30,35,69,10,5x
08-07-2014,14,25,27,48,49,9,5x
04-07-2014,16,33,39,58,69,2,5x
01-07-2014,9,22,38,47,49,15,3x
27-06-2014,15,29,31,46,64,10,3x
24-06-2014,13,17,24,47,65,10,4x
20-06-2014,1,22,25,29,56,3,5x
17-06-2014,10,14,24,47,60,3,4x
13-06-2014,7,38,46,49,56,1,5x
10-06-2014,2,10,24,26,74,7,5x
06-06-2014,12,29,37,49,72,9,4x
03-06-2014,19,28,62,66,74,6,3x
30-05-2014,10,13,42,43,62,2,4x
27-05-2014,1,6,10,46,58,13,2x
23-05-2014,12,14,21,38,70,15,4x
20-05-2014,10,40,63,64,69,7,2x
16-05-2014,13,14,16,50,56,11,5x
13-05-2014,37,46,48,70,74,1,2x
09-05-2014,10,28,39,51,59,14,2x
06-05-2014,18,20,27,48,51,5,3x
02-05-2014,1,18,26,35,40,13,5x
29-04-2014,7,43,59,61,66,3,3x
25-04-2014,3,11,18,20,66,9,2x
22-04-2014,2,18,19,49,50,1,3x
18-04-2014,18,25,38,45,63,9,2x
15-04-2014,4,39,46,47,70,13,3x
11-04-2014,3,42,44,47,57,8,5x
08-04-2014,35,36,41,60,71,3,3x
04-04-2014,1,10,15,41,54,9,2x
01-04-2014,10,23,68,74,75,9,5x
28-03-2014,2,3,9,50,73,12,3x
25-03-2014,19,26,51,57,73,15,3x
21-03-2014,2,23,30,35,53,10,5x
18-03-2014,11,19,24,33,51,7,3x
14-03-2014,7,20,40,54,69,12,3x
11-03-2014,9,14,56,57,69,10,4x
07-03-2014,11,13,51,57,69,1,4x
04-03-2014,10,29,31,35,45,10,2x
28-02-2014,3,31,50,58,59,6,4x
25-02-2014,12,18,25,35,66,15,5x
21-02-2014,23,29,32,45,46,15,5x
18-02-2014,23,29,31,37,70,14,5x
14-02-2014,20,28,35,71,72,7,3x
11-02-2014,43,64,67,71,73,4,2x
07-02-2014,11,21,23,35,64,10,3x
04-02-2014,25,44,49,60,73,9,3x
31-01-2014,3,9,13,47,52,8,4x
28-01-2014,7,16,28,53,60,2,3x
24-01-2014,22,45,46,47,65,10,5x
21-01-2014,8,23,33,45,52,4,4x
17-01-2014,1,10,26,31,51,11,4x
14-01-2014,4,23,26,62,69,13,3x
10-01-2014,8,28,36,37,57,8,3x
07-01-2014,13,34,56,62,64,6,5x
03-01-2014,22,24,25,40,70,5,5x
31-12-2013,8,12,34,52,58,8,3x
27-12-2013,4,15,35,48,49,11,5x
24-12-2013,23,34,53,58,73,2,3x
20-12-2013,3,4,31,49,57,6,2x
17-12-2013,8,14,17,20,39,7,4x
13-12-2013,19,24,26,27,70,12,2x
10-12-2013,5,12,22,41,65,13,2x
06-12-2013,11,29,44,63,64,3,3x
03-12-2013,7,12,41,44,59,3,3x
29-11-2013,9,41,43,47,57,5,4x
26-11-2013,27,44,59,74,75,3,5x
22-11-2013,17,23,35,36,44,8,3x
19-11-2013,14,15,29,49,63,2,3x
15-11-2013,25,44,49,54,63,8,4x
12-11-2013,20,30,32,42,71,15,5x
08-11-2013,41,42,51,57,65,7,2x
05-11-2013,2,11,42,64,74,2,5x
01-11-2013,32,35,49,62,67,1,5x
29-10-2013,20,33,50,53,54,7,3x
25-10-2013,6,16,45,54,60,15,2x
22-10-2013,2,3,19,52,71,14,5x
18-10-2013,5,20,45,48,56,1,4x
15-10-2013,4,23,30,43,50,11,4x
11-10-2013,3,27,37,45,48,46,4x
08-10-2013,6,15,19,23,40,5,3x
04-10-2013,4,16,24,25,44,5,3x
01-10-2013,7,10,30,37,53,1,3x
27-09-2013,9,23,27,49,51,38,2x
24-09-2013,4,11,32,39,40,33,3x
20-09-2013,1,15,20,21,47,34,2x
17-09-2013,6,15,27,31,39,25,2x
13-09-2013,9,22,28,48,54,8,4x
10-09-2013,2,12,18,54,56,1,3x
06-09-2013,2,16,17,22,41,31,4x
03-09-2013,4,13,14,28,41,28,3x
30-08-2013,6,19,24,43,44,33,2x
27-08-2013,4,7,30,36,38,38,4x
23-08-2013,1,9,17,20,53,14,4x
20-08-2013,13,28,35,38,41,33,3x
16-08-2013,7,13,26,36,46,37,4x
13-08-2013,2,31,32,37,41,40,4x
09-08-2013,11,20,30,34,38,12,3x
06-08-2013,1,11,16,51,55,41,3x
02-08-2013,8,21,23,25,39,4,2x
30-07-2013,25,27,36,42,44,39,3x
26-07-2013,4,22,23,27,38,42,4x
23-07-2013,25,32,35,50,51,46,3x
19-07-2013,16,20,24,39,42,46,3x
16-07-2013,10,14,21,40,53,20,2x
12-07-2013,4,5,25,27,51,10,3x
09-07-2013,3,21,43,45,48,14,2x
05-07-2013,2,23,41,47,54,42,4x
02-07-2013,36,42,51,52,53,40,4x
28-06-2013,8,15,35,46,52,38,4x
25-06-2013,3,5,28,33,51,16,2x
21-06-2013,3,14,17,40,50,3,3x
18-06-2013,6,17,34,40,48,30,2x
14-06-2013,2,5,31,33,34,20,4x
11-06-2013,15,40,45,50,53,28,4x
07-06-2013,1,10,37,48,55,21,4x
04-06-2013,10,11,12,20,55,19,3x
31-05-2013,2,20,26,44,46,26,3x
28-05-2013,4,12,25,32,54,36,4x
24-05-2013,4,5,16,18,53,28,4x
21-05-2013,2,15,17,48,55,11,4x
17-05-2013,11,15,35,43,49,41,4x
14-05-2013,6,10,12,28,32,38,4x
10-05-2013,1,19,20,39,49,28,4x
07-05-2013,1,6,13,20,51,31,4x
03-05-2013,2,20,34,42,54,39,2x
30-04-2013,21,30,34,39,49,43,3x
26-04-2013,17,42,49,54,55,31,4x
23-04-2013,9,21,22,32,50,10,3x
19-04-2013,6,8,12,22,43,28,4x
16-04-2013,2,5,15,18,39,42,2x
12-04-2013,1,10,13,19,21,28,3x
09-04-2013,17,30,41,48,54,13,4x
05-04-2013,8,15,23,36,41,5,3x
02-04-2013,7,10,14,40,47,34,4x
29-03-2013,25,31,36,46,53,21,4x
26-03-2013,20,33,46,49,51,46,4x
22-03-2013,14,27,34,37,41,38,4x
19-03-2013,3,6,14,21,37,35,3x
15-03-2013,4,8,17,22,32,8,2x
12-03-2013,9,12,19,20,30,39,4x
08-03-2013,4,11,25,34,35,44,4x
05-03-2013,6,20,39,41,46,42,3x
01-03-2013,17,30,38,43,51,20,4x
26-02-2013,6,7,13,15,43,7,4x
22-02-2013,9,13,24,38,49,30,3x
19-02-2013,1,15,19,30,56,28,3x
15-02-2013,11,35,41,42,44,42,4x
12-02-2013,9,22,32,38,55,44,3x
08-02-2013,6,15,20,39,50,5,4x
05-02-2013,2,5,10,26,44,46,4x
01-02-2013,1,30,32,40,41,17,3x
29-01-2013,8,12,27,46,47,6,3x
25-01-2013,11,12,17,31,48,1,4x
22-01-2013,7,11,16,39,54,13,3x
18-01-2013,8,18,25,42,49,14,3x
15-01-2013,1,6,12,19,41,14,4x
11-01-2013,24,29,30,34,56,1,4x
08-01-2013,3,20,21,38,42,19,4x
04-01-2013,1,2,23,25,55,39,4x
01-01-2013,4,11,21,25,44,29,4x
28-12-2012,10,13,32,40,41,32,4x
25-12-2012,2,3,18,34,48,36,4x
21-12-2012,3,18,32,41,56,19,3x
18-12-2012,1,6,7,18,29,16,3x
14-12-2012,11,28,33,41,43,41,4x
11-12-2012,39,44,51,52,54,13,4x
07-12-2012,7,43,44,51,56,4,3x
04-12-2012,3,19,24,32,43,44,4x
30-11-2012,11,22,24,28,31,46,3x
27-11-2012,5,12,26,42,49,24,4x
23-11-2012,8,37,44,47,48,27,4x
20-11-2012,9,13,22,38,52,44,4x
16-11-2012,5,24,26,29,53,36,4x
13-11-2012,6,12,31,46,56,34,2x
09-11-2012,18,22,33,35,40,11,4x
06-11-2012,3,5,13,32,35,6,3x
02-11-2012,4,18,22,38,44,24,3x
30-10-2012,5,12,18,29,56,38,4x
26-10-2012,4,15,24,36,40,44,2x
23-10-2012,1,17,42,46,55,1,2x
19-10-2012,14,34,36,48,53,42,3x
16-10-2012,13,37,40,46,52,29,4x
12-10-2012,6,10,24,26,42,15,4x
09-10-2012,6,15,16,22,37,3,4x
05-10-2012,8,9,16,32,39,15,3x
02-10-2012,10,11,20,42,55,9,4x
28-09-2012,6,8,14,43,56,28,4x
25-09-2012,7,8,23,50,51,26,3x
21-09-2012,3,13,14,46,55,34,4x
18-09-2012,5,9,22,36,49,36,3x
14-09-2012,16,17,21,40,51,20,4x
11-09-2012,5,11,20,33,36,11,3x
07-09-2012,15,32,38,42,46,31,4x
04-09-2012,16,32,39,41,53,16,3x
31-08-2012,31,40,41,47,48,45,3x
28-08-2012,4,9,40,45,50,39,4x
24-08-2012,25,34,45,46,49,34,2x
21-08-2012,5,13,20,23,33,30,2x
17-08-2012,8,20,24,35,56,24,3x
14-08-2012,15,23,34,39,55,32,4x
10-08-2012,10,18,36,38,44,8,4x
07-08-2012,30,32,33,42,48,7,4x
03-08-2012,2,10,13,38,46,2,3x
31-07-2012,5,18,21,29,41,37,3x
27-07-2012,2,3,4,8,43,26,3x
24-07-2012,5,9,38,46,51,5,4x
20-07-2012,2,44,48,50,52,3,3x
17-07-2012,1,13,21,49,55,17,4x
13-07-2012,6,7,13,24,46,34,2x
10-07-2012,3,11,19,23,36,21,4x
06-07-2012,20,23,28,35,39,21,3x
03-07-2012,3,4,24,36,52,45,4x
29-06-2012,28,34,39,45,53,34,4x
26-06-2012,3,16,23,35,36,20,4x
22-06-2012,10,16,19,32,36,13,3x
19-06-2012,11,21,27,30,53,11,2x
15-06-2012,8,12,18,30,40,4,3x
12-06-2012,2,9,17,34,50,45,4x
08-06-2012,4,9,34,40,48,25,3x
05-06-2012,37,39,42,53,55,22,3x
01-06-2012,2,27,38,46,52,45,3x
29-05-2012,2,14,29,53,55,31,3x
25-05-2012,9,15,21,40,54,11,4x
22-05-2012,10,14,35,43,52,16,2x
18-05-2012,3,11,22,34,49,1,4x
15-05-2012,10,11,12,14,24,6,4x
11-05-2012,3,15,29,35,54,8,4x
08-05-2012,2,6,8,18,51,19,3x
04-05-2012,4,11,21,42,53,38,4x
01-05-2012,24,27,31,45,52,38,4x
27-04-2012,2,5,45,46,47,37,4x
24-04-2012,3,9,15,37,38,39,4x
20-04-2012,14,23,26,33,35,40,3x
17-04-2012,1,16,24,32,48,2,4x
13-04-2012,9,14,17,36,42,33,4x
10-04-2012,2,6,12,31,48,25,4x
06-04-2012,2,19,20,24,33,39,4x
03-04-2012,11,35,38,41,52,40,4x
30-03-2012,2,4,23,38,46,23,3x
27-03-2012,9,19,34,44,51,24,3x
23-03-2012,6,17,19,20,21,20,4x
20-03-2012,1,4,6,11,14,30,4x
16-03-2012,28,29,43,51,53,7,3x
13-03-2012,2,8,30,36,48,31,3x
09-03-2012,9,10,27,36,42,11,4x
06-03-2012,20,24,31,33,36,44,4x
02-03-2012,16,29,48,52,54,5,2x
28-02-2012,6,15,29,39,51,36,3x
24-02-2012,1,16,18,25,27,3,4x
21-02-2012,9,30,39,42,47,37,3x
17-02-2012,16,25,28,32,40,3,3x
14-02-2012,3,5,10,26,27,27,2x
10-02-2012,3,4,18,29,50,20,4x
07-02-2012,17,23,30,37,45,4,4x
03-02-2012,7,19,21,49,53,35,4x
31-01-2012,9,17,18,28,43,9,3x
27-01-2012,3,5,30,36,48,23,4x
24-01-2012,10,22,24,36,49,33,4x
20-01-2012,1,9,28,38,47,8,2x
17-01-2012,3,15,31,36,53,27,2x
13-01-2012,10,27,28,37,51,19,3x
10-01-2012,4,10,16,38,48,34,3x
06-01-2012,9,17,28,34,48,46,2x
03-01-2012,2,3,15,22,36,23,2x
30-12-2011,4,24,45,46,52,1,4x
27-12-2011,23,32,33,39,43,8,3x
23-12-2011,3,5,8,18,29,14,4x
20-12-2011,20,24,27,45,51,31,4x
16-12-2011,2,4,26,36,39,27,3x
13-12-2011,5,6,22,26,41,6,4x
09-12-2011,4,12,29,49,51,44,4x
06-12-2011,7,21,29,35,49,39,4x
02-12-2011,24,30,48,51,56,45,4x
29-11-2011,17,29,43,48,52,36,4x
25-11-2011,22,28,42,49,54,43,3x
22-11-2011,4,16,23,33,48,38,2x
18-11-2011,4,13,33,39,55,3,4x
15-11-2011,3,6,24,30,33,21,4x
11-11-2011,2,16,22,29,50,27,4x
08-11-2011,5,31,45,47,54,4,4x
04-11-2011,26,30,32,33,44,1,4x
01-11-2011,27,31,39,40,46,36,3x
28-10-2011,13,31,49,52,56,41,4x
25-10-2011,13,33,40,44,46,8,4x
21-10-2011,6,21,35,37,38,17,3x
18-10-2011,24,25,45,47,53,42,2x
14-10-2011,13,35,42,45,54,26,4x
11-10-2011,25,34,38,44,56,27,4x
07-10-2011,5,15,19,23,38,19,4x
04-10-2011,3,26,40,45,52,11,3x
30-09-2011,3,19,21,44,45,29,4x
27-09-2011,2,20,28,36,45,37,4x
23-09-2011,21,27,32,40,52,36,4x
20-09-2011,6,29,38,50,51,39,4x
16-09-2011,6,23,41,45,56,24,4x
13-09-2011,22,31,43,48,56,45,4x
09-09-2011,7,12,19,23,31,45,4x
06-09-2011,1,36,38,42,49,19,4x
02-09-2011,25,44,48,49,55,20,3x
30-08-2011,2,22,25,28,50,18,4x
26-08-2011,2,3,27,30,47,36,3x
23-08-2011,11,21,44,48,49,23,3x
19-08-2011,5,15,53,54,56,22,2x
16-08-2011,4,38,41,42,43,44,4x
12-08-2011,9,43,51,54,55,13,4x
09-08-2011,11,19,39,45,54,15,4x
05-08-2011,6,24,28,33,42,19,3x
02-08-2011,14,17,19,20,32,28,4x
29-07-2011,8,10,22,47,48,35,4x
26-07-2011,20,25,35,52,55,10,3x
22-07-2011,23,31,32,39,56,38,4x
19-07-2011,2,9,10,16,35,40,4x
15-07-2011,16,29,30,46,56,6,3x
12-07-2011,3,9,11,44,49,9,4x
08-07-2011,1,2,22,37,50,45,3x
05-07-2011,1,10,13,18,46,19,2x
01-07-2011,12,17,30,35,47,26,4x
28-06-2011,12,17,27,47,48,33,4x
24-06-2011,10,14,40,49,51,4,3x
21-06-2011,11,24,25,31,46,17,3x
17-06-2011,12,29,46,47,51,24,4x
14-06-2011,9,10,20,51,53,24,4x
10-06-2011,18,21,27,37,38,7,3x
07-06-2011,29,32,35,47,52,13,4x
03-06-2011,20,23,41,49,53,31,3x
31-05-2011,28,30,31,37,55,13,3x
27-05-2011,5,7,14,28,56,10,4x
24-05-2011,9,12,21,42,43,42,3x
20-05-2011,10,17,19,45,48,30,4x
17-05-2011,1,2,17,25,48,45,4x
13-05-2011,3,33,39,47,53,9,4x
10-05-2011,11,16,34,40,51,34,4x
06-05-2011,6,18,26,37,41,9,3x
03-05-2011,1,16,29,36,50,16,2x
29-04-2011,9,10,11,33,51,29,4x
26-04-2011,19,29,32,38,55,15,3x
22-04-2011,3,18,46,51,53,17,3x
19-04-2011,20,24,32,45,51,43,4x
15-04-2011,22,23,33,39,48,29,3x
12-04-2011,10,23,39,41,45,15,2x
08-04-2011,6,40,45,50,56,11,3x
05-04-2011,1,19,20,31,36,9,2x
01-04-2011,13,14,35,36,53,19,3x
29-03-2011,6,15,23,34,38,43,4x
25-03-2011,22,24,31,52,54,4,4x
22-03-2011,1,14,35,50,53,43,4x
18-03-2011,14,33,34,54,56,37,4x
15-03-2011,10,11,12,28,43,45,4x
11-03-2011,14,19,21,42,45,6,2x
08-03-2011,3,17,19,41,55,24,4x
04-03-2011,8,10,15,23,41,7,4x
01-03-2011,1,12,19,20,47,25,3x
25-02-2011,4,5,17,19,50,7,4x
22-02-2011,15,22,23,48,55,31,4x
18-02-2011,5,6,7,30,45,42,3x
15-02-2011,17,18,24,35,39,18,4x
11-02-2011,8,9,17,32,34,13,2x
08-02-2011,25,35,36,47,48,18,2x
04-02-2011,6,20,29,48,55,6,4x
01-02-2011,16,22,23,26,35,31,4x
28-01-2011,14,33,48,49,50,18,4x
25-01-2011,5,8,31,46,50,4,4x
21-01-2011,5,9,21,35,38,20,4x
18-01-2011,4,27,29,38,45,5,4x
14-01-2011,2,15,17,33,35,8,2x
11-01-2011,1,4,11,16,45,37,4x
07-01-2011,4,22,42,46,53,20,2x
04-01-2011,4,8,15,25,47,42,4x
31-12-2010,10,12,13,35,56,9,4x
28-12-2010,6,18,36,40,49,7,4x
24-12-2010,15,16,27,40,52,16,4x
21-12-2010,8,11,12,31,32,29,4x
17-12-2010,11,20,26,46,53,12,4x
14-12-2010,18,22,25,31,38,29,3x
10-12-2010,23,27,33,44,46,36,4x
07-12-2010,4,38,45,53,54,9,4x
03-12-2010,6,11,12,18,56,12,3x
30-11-2010,11,16,19,47,53,2,4x
26-11-2010,5,9,34,43,47,8,2x
23-11-2010,2,6,12,34,35,33,4x
19-11-2010,7,14,31,51,54,35,2x
16-11-2010,1,26,27,39,46,21,3x
12-11-2010,9,26,28,35,38,10,4x
09-11-2010,8,26,28,33,53,11,4x
05-11-2010,19,25,34,46,53,15,4x
02-11-2010,1,3,12,16,54,46,2x
29-10-2010,4,19,26,28,39,14,4x
26-10-2010,15,21,30,31,32,26,4x
22-10-2010,2,7,18,32,53,18,4x
19-10-2010,2,9,14,37,42,41,4x
15-10-2010,9,10,13,31,50,10,4x
12-10-2010,10,31,36,37,43,15,4x
08-10-2010,24,29,37,48,50,19,4x
05-10-2010,10,19,24,37,44,27,4x
01-10-2010,3,8,21,28,52,43,4x
28-09-2010,2,10,13,36,38,18,3x
24-09-2010,2,28,38,42,55,25,4x
21-09-2010,3,20,43,47,52,26,4x
17-09-2010,3,4,14,18,27,13,3x
14-09-2010,6,14,50,55,56,1,4x
10-09-2010,11,12,17,21,23,20,3x
07-09-2010,8,18,22,24,38,23,4x
03-09-2010,10,13,20,28,36,9,4x
31-08-2010,10,20,29,47,48,38,3x
27-08-2010,4,10,26,32,41,31,4x
24-08-2010,4,23,24,28,32,31,3x
20-08-2010,4,13,20,29,48,36,4x
17-08-2010,11,19,40,43,44,33,4x
13-08-2010,6,17,24,43,55,36,4x
10-08-2010,2,14,26,50,56,12,2x
06-08-2010,7,13,30,33,54,30,3x
03-08-2010,4,13,20,22,56,32,2x
30-07-2010,11,30,40,48,52,42,4x
27-07-2010,2,7,10,16,29,8,4x
23-07-2010,16,19,39,44,49,26,2x
20-07-2010,12,18,28,36,43,19,3x
16-07-2010,2,15,18,20,39,34,3x
13-07-2010,7,11,14,15,34,14,3x
09-07-2010,1,31,33,34,50,41,4x
06-07-2010,8,18,45,47,50,36,2x
02-07-2010,1,10,12,32,36,25,4x
29-06-2010,3,4,15,27,37,35,3x
25-06-2010,1,2,13,19,27,21,4x
22-06-2010,12,17,21,23,30,24,4x
18-06-2010,11,36,37,41,55,7,4x
15-06-2010,4,12,13,21,27,46,4x
11-06-2010,6,13,33,34,42,25,3x
08-06-2010,12,18,28,48,54,6,3x
04-06-2010,12,13,15,17,50,23,4x
01-06-2010,12,27,44,45,51,30,2x
28-05-2010,3,11,20,29,39,26,4x
25-05-2010,5,14,17,19,24,25,4x
21-05-2010,15,20,23,26,30,17,3x
18-05-2010,11,13,19,37,40,26,4x
14-05-2010,20,21,40,47,56,12,4x
11-05-2010,26,33,43,46,54,9,4x
07-05-2010,2,7,20,34,50,40,3x
04-05-2010,9,21,31,36,43,8,3x
30-04-2010,14,20,41,47,53,40,4x
27-04-2010,23,37,41,50,55,6,2x
23-04-2010,19,26,28,37,52,18,4x
20-04-2010,5,8,10,34,42,25,4x
16-04-2010,10,16,31,48,50,44,3x
13-04-2010,3,12,27,39,47,32,4x
09-04-2010,15,18,39,48,53,3,4x
06-04-2010,16,43,44,52,56,26,4x
02-04-2010,2,17,22,30,31,19,4x
30-03-2010,1,11,24,38,44,41,3x
26-03-2010,23,41,46,47,52,22,4x
23-03-2010,3,25,28,29,40,13,4x
19-03-2010,10,31,45,50,54,25,4x
16-03-2010,3,22,48,52,56,13,4x
12-03-2010,2,15,25,48,53,41,3x
09-03-2010,14,16,18,19,29,16,2x
05-03-2010,11,31,34,44,52,32,4x
02-03-2010,9,12,47,48,56,25,3x
26-02-2010,4,14,29,54,56,40,3x
23-02-2010,4,16,36,40,53,18,4x
19-02-2010,1,22,39,42,46,36,4x
16-02-2010,11,12,21,29,45,5,3x
12-02-2010,14,16,17,33,47,23,4x
09-02-2010,2,17,20,26,48,12,4x
05-02-2010,10,20,45,51,53,41,4x
02-02-2010,6,7,26,27,49,9,4x
